	Timestamp	Filtered Rate: HATCN	Source Power: HATCN	Thickness: HATCN	State: HATCN	Fundamental  Frequency: HATCN	Current Z-Ratio: HATCN
0	10:53:45	-0.000	0.000	-0.000	Ready	5949900.944	1.197
1	10:53:46	0.000	0.000	-0.000	Ready	5949900.941	1.197
2	10:53:47	-0.000	0.027	-0.000	PreCon Rise	5949900.941	1.197
3	10:53:48	-0.000	0.119	-0.000	PreCon Rise	5949900.948	1.197
4	10:53:49	0.000	0.211	-0.000	PreCon Rise	5949900.944	1.197
5	10:53:50	-0.000	0.303	-0.000	PreCon Rise	5949900.944	1.197
6	10:53:51	-0.000	0.394	-0.000	PreCon Rise	5949900.948	1.197
7	10:53:52	0.000	0.486	-0.000	PreCon Rise	5949900.944	1.197
8	10:53:53	-0.000	0.577	-0.000	PreCon Rise	5949900.948	1.197
9	10:53:54	-0.000	0.669	-0.000	PreCon Rise	5949900.951	1.197
10	10:53:55	0.000	0.761	-0.000	PreCon Rise	5949900.948	1.197
11	10:53:56	-0.000	0.852	-0.000	PreCon Rise	5949900.951	1.197
12	10:53:57	-0.000	0.944	-0.000	PreCon Rise	5949900.955	1.197
13	10:53:58	-0.000	1.036	-0.000	PreCon Rise	5949900.955	1.197
14	10:53:59	-0.000	1.128	-0.000	PreCon Rise	5949900.955	1.197
15	10:54:00	-0.000	1.219	-0.000	PreCon Rise	5949900.955	1.197
16	10:54:01	-0.000	1.311	-0.000	PreCon Rise	5949900.958	1.197
17	10:54:02	0.000	1.403	-0.000	PreCon Rise	5949900.955	1.197
18	10:54:03	0.000	1.494	-0.000	PreCon Rise	5949900.955	1.197
19	10:54:04	-0.000	1.586	-0.000	PreCon Rise	5949900.958	1.197
20	10:54:05	0.000	1.678	-0.000	PreCon Rise	5949900.958	1.197
21	10:54:06	0.000	1.769	-0.000	PreCon Rise	5949900.955	1.197
22	10:54:07	-0.000	1.861	-0.000	PreCon Rise	5949900.958	1.197
23	10:54:08	0.000	1.953	-0.000	PreCon Rise	5949900.955	1.197
24	10:54:09	0.000	2.044	-0.000	PreCon Rise	5949900.955	1.197
25	10:54:10	-0.000	2.136	-0.000	PreCon Rise	5949900.958	1.197
26	10:54:11	0.000	2.228	-0.000	PreCon Rise	5949900.958	1.197
27	10:54:12	0.000	2.319	-0.000	PreCon Rise	5949900.955	1.197
28	10:54:13	-0.000	2.411	-0.000	PreCon Rise	5949900.958	1.197
29	10:54:14	0.000	2.503	-0.000	PreCon Rise	5949900.955	1.197
30	10:54:15	0.000	2.594	-0.000	PreCon Rise	5949900.958	1.197
31	10:54:16	-0.000	2.686	-0.000	PreCon Rise	5949900.958	1.197
32	10:54:17	0.000	2.778	-0.000	PreCon Rise	5949900.958	1.197
33	10:54:18	-0.000	2.869	-0.000	PreCon Rise	5949900.958	1.197
34	10:54:19	0.000	2.961	-0.000	PreCon Rise	5949900.958	1.197
35	10:54:20	0.000	3.053	-0.000	PreCon Rise	5949900.958	1.197
36	10:54:21	0.000	3.144	-0.000	PreCon Rise	5949900.955	1.197
37	10:54:22	0.000	3.236	-0.000	PreCon Rise	5949900.955	1.197
38	10:54:23	0.000	3.328	-0.000	PreCon Rise	5949900.958	1.197
39	10:54:24	0.000	3.419	-0.000	PreCon Rise	5949900.958	1.197
40	10:54:25	0.000	3.511	-0.000	PreCon Rise	5949900.955	1.197
41	10:54:26	-0.000	3.603	-0.000	PreCon Rise	5949900.958	1.197
42	10:54:27	0.000	3.694	-0.000	PreCon Rise	5949900.958	1.197
43	10:54:28	0.000	3.786	-0.000	PreCon Rise	5949900.958	1.197
44	10:54:29	-0.000	3.878	-0.000	PreCon Rise	5949900.962	1.197
45	10:54:30	-0.000	3.969	-0.000	PreCon Rise	5949900.965	1.197
46	10:54:31	-0.000	4.061	-0.000	PreCon Rise	5949900.962	1.197
47	10:54:32	-0.000	4.153	-0.000	PreCon Rise	5949900.962	1.197
48	10:54:33	-0.000	4.244	-0.000	PreCon Rise	5949900.969	1.197
49	10:54:34	0.000	4.336	-0.000	PreCon Rise	5949900.965	1.197
50	10:54:35	-0.000	4.428	-0.000	PreCon Rise	5949900.965	1.197
51	10:54:36	-0.000	4.519	-0.000	PreCon Rise	5949900.965	1.197
52	10:54:37	0.000	4.611	-0.000	PreCon Rise	5949900.965	1.197
53	10:54:38	0.000	4.703	-0.000	PreCon Rise	5949900.965	1.197
54	10:54:39	-0.000	4.794	-0.000	PreCon Rise	5949900.969	1.197
55	10:54:40	-0.000	4.886	-0.000	PreCon Rise	5949900.969	1.197
56	10:54:41	-0.000	4.978	-0.000	PreCon Rise	5949900.969	1.197
57	10:54:42	-0.000	5.069	-0.000	PreCon Rise	5949900.972	1.197
58	10:54:43	-0.000	5.161	-0.000	PreCon Rise	5949900.972	1.197
59	10:54:44	0.000	5.253	-0.000	PreCon Rise	5949900.969	1.197
60	10:54:45	-0.000	5.344	-0.000	PreCon Rise	5949900.972	1.197
61	10:54:46	0.000	5.436	-0.000	PreCon Rise	5949900.972	1.197
62	10:54:47	-0.000	5.528	-0.000	PreCon Rise	5949900.976	1.197
63	10:54:48	-0.000	5.619	-0.000	PreCon Rise	5949900.976	1.197
64	10:54:49	-0.000	5.711	-0.000	PreCon Rise	5949900.976	1.197
65	10:54:50	-0.000	5.803	-0.000	PreCon Rise	5949900.979	1.197
66	10:54:51	-0.000	5.894	-0.000	PreCon Rise	5949900.979	1.197
67	10:54:52	-0.000	5.986	-0.000	PreCon Rise	5949900.983	1.197
68	10:54:53	-0.000	6.078	-0.000	PreCon Rise	5949900.979	1.197
69	10:54:54	0.000	6.169	-0.000	PreCon Rise	5949900.979	1.197
70	10:54:55	-0.000	6.261	-0.000	PreCon Rise	5949900.983	1.197
71	10:54:56	-0.000	6.353	-0.000	PreCon Rise	5949900.986	1.197
72	10:54:57	-0.000	6.444	-0.000	PreCon Rise	5949900.986	1.197
73	10:54:58	-0.000	6.536	-0.000	PreCon Rise	5949900.986	1.197
74	10:54:59	-0.000	6.628	-0.000	PreCon Rise	5949900.990	1.197
75	10:55:00	-0.000	6.719	-0.000	PreCon Rise	5949900.993	1.197
76	10:55:01	-0.000	6.811	-0.000	PreCon Rise	5949900.993	1.197
77	10:55:02	-0.000	6.903	-0.000	PreCon Rise	5949900.993	1.197
78	10:55:03	-0.000	6.994	-0.000	PreCon Rise	5949900.997	1.197
79	10:55:04	-0.000	7.086	-0.000	PreCon Rise	5949900.997	1.197
80	10:55:05	-0.000	7.178	-0.000	PreCon Rise	5949901.000	1.197
81	10:55:06	-0.000	7.269	-0.000	PreCon Rise	5949901.000	1.197
82	10:55:07	-0.000	7.361	-0.000	PreCon Rise	5949901.000	1.197
83	10:55:08	-0.000	7.453	-0.000	PreCon Rise	5949901.004	1.197
84	10:55:09	-0.000	7.544	-0.000	PreCon Rise	5949901.007	1.197
85	10:55:10	-0.000	7.636	-0.000	PreCon Rise	5949901.007	1.197
86	10:55:11	-0.000	7.728	-0.000	PreCon Rise	5949901.011	1.197
87	10:55:12	-0.000	7.819	-0.000	PreCon Rise	5949901.018	1.197
88	10:55:13	-0.000	7.911	-0.000	PreCon Rise	5949901.021	1.197
89	10:55:14	-0.000	8.003	-0.000	PreCon Rise	5949901.021	1.197
90	10:55:15	-0.001	8.094	-0.000	PreCon Rise	5949901.028	1.197
91	10:55:16	-0.000	8.186	-0.000	PreCon Rise	5949901.028	1.197
92	10:55:17	-0.000	8.278	-0.000	PreCon Rise	5949901.028	1.197
93	10:55:18	-0.000	8.369	-0.000	PreCon Rise	5949901.035	1.197
94	10:55:19	-0.000	8.461	-0.000	PreCon Rise	5949901.039	1.197
95	10:55:20	-0.001	8.553	-0.000	PreCon Rise	5949901.046	1.197
96	10:55:21	-0.001	8.644	-0.000	PreCon Rise	5949901.049	1.197
97	10:55:22	-0.001	8.736	-0.000	PreCon Rise	5949901.053	1.197
98	10:55:23	-0.001	8.828	-0.000	PreCon Rise	5949901.056	1.197
99	10:55:24	-0.001	8.919	-0.000	PreCon Rise	5949901.063	1.197
100	10:55:25	-0.001	9.011	-0.000	PreCon Rise	5949901.066	1.197
101	10:55:26	-0.001	9.103	-0.000	PreCon Rise	5949901.070	1.197
102	10:55:27	-0.001	9.194	-0.000	PreCon Rise	5949901.080	1.197
103	10:55:28	-0.001	9.286	-0.000	PreCon Rise	5949901.084	1.197
104	10:55:29	-0.001	9.378	-0.000	PreCon Rise	5949901.091	1.197
105	10:55:30	-0.001	9.469	-0.000	PreCon Rise	5949901.098	1.197
106	10:55:31	-0.001	9.561	-0.000	PreCon Rise	5949901.105	1.197
107	10:55:32	-0.001	9.653	-0.000	PreCon Rise	5949901.108	1.197
108	10:55:33	-0.001	9.744	-0.000	PreCon Rise	5949901.115	1.197
109	10:55:34	-0.001	9.836	-0.000	PreCon Rise	5949901.126	1.197
110	10:55:35	-0.001	9.928	-0.000	PreCon Rise	5949901.133	1.197
111	10:55:36	-0.001	10.019	-0.000	PreCon Rise	5949901.136	1.197
112	10:55:37	-0.001	10.111	-0.000	PreCon Rise	5949901.140	1.197
113	10:55:38	-0.001	10.203	-0.000	PreCon Rise	5949901.147	1.197
114	10:55:39	-0.001	10.294	-0.000	PreCon Rise	5949901.157	1.197
115	10:55:40	-0.001	10.386	-0.000	PreCon Rise	5949901.161	1.197
116	10:55:41	-0.001	10.478	-0.000	PreCon Rise	5949901.168	1.197
117	10:55:42	-0.001	10.569	-0.000	PreCon Rise	5949901.175	1.197
118	10:55:43	-0.001	10.661	-0.000	PreCon Rise	5949901.185	1.197
119	10:55:44	-0.001	10.753	-0.000	PreCon Rise	5949901.192	1.197
120	10:55:45	-0.001	10.844	-0.000	PreCon Rise	5949901.199	1.197
121	10:55:46	-0.001	10.936	-0.000	PreCon Rise	5949901.206	1.197
122	10:55:47	-0.001	11.000	-0.000	PreCon Soak	5949901.217	1.197
123	10:55:48	-0.001	11.000	-0.000	PreCon Soak	5949901.217	1.197
124	10:55:49	-0.001	11.000	-0.000	PreCon Soak	5949901.227	1.197
125	10:55:50	-0.001	11.000	-0.000	PreCon Soak	5949901.231	1.197
126	10:55:51	-0.001	11.000	-0.000	PreCon Soak	5949901.238	1.197
127	10:55:52	-0.001	11.000	-0.000	PreCon Soak	5949901.248	1.197
128	10:55:53	-0.001	11.000	-0.000	PreCon Soak	5949901.252	1.197
129	10:55:54	-0.001	11.000	-0.000	PreCon Soak	5949901.259	1.197
130	10:55:55	-0.001	11.000	-0.000	PreCon Soak	5949901.266	1.197
131	10:55:56	-0.001	11.000	-0.000	PreCon Soak	5949901.273	1.197
132	10:55:57	-0.001	11.000	-0.000	PreCon Soak	5949901.280	1.197
133	10:55:58	-0.001	11.000	-0.000	PreCon Soak	5949901.287	1.197
134	10:55:59	-0.001	11.000	-0.000	PreCon Soak	5949901.293	1.197
135	10:56:00	-0.001	11.000	-0.000	PreCon Soak	5949901.300	1.197
136	10:56:01	-0.001	11.000	-0.000	PreCon Soak	5949901.311	1.197
137	10:56:02	-0.001	11.000	-0.000	PreCon Soak	5949901.314	1.197
138	10:56:03	-0.001	11.000	-0.000	PreCon Soak	5949901.321	1.197
139	10:56:04	-0.001	11.000	-0.000	PreCon Soak	5949901.328	1.197
140	10:56:05	-0.001	11.000	-0.000	PreCon Soak	5949901.339	1.197
141	10:56:06	-0.001	11.000	-0.000	PreCon Soak	5949901.346	1.197
142	10:56:07	-0.001	11.000	-0.000	PreCon Soak	5949901.353	1.197
143	10:56:08	-0.001	11.000	-0.000	PreCon Soak	5949901.360	1.197
144	10:56:09	-0.001	11.000	-0.000	PreCon Soak	5949901.370	1.197
145	10:56:10	-0.001	11.000	-0.000	PreCon Soak	5949901.374	1.197
146	10:56:11	-0.001	11.000	-0.000	PreCon Soak	5949901.381	1.197
147	10:56:12	-0.001	11.000	-0.000	PreCon Soak	5949901.388	1.197
148	10:56:13	-0.001	11.000	-0.000	PreCon Soak	5949901.395	1.197
149	10:56:14	-0.001	11.000	-0.000	PreCon Soak	5949901.405	1.197
150	10:56:15	-0.001	11.000	-0.000	PreCon Soak	5949901.416	1.197
151	10:56:16	-0.001	11.000	-0.000	PreCon Soak	5949901.423	1.197
152	10:56:17	-0.001	11.000	-0.000	PreCon Soak	5949901.426	1.197
153	10:56:18	-0.001	11.000	-0.000	PreCon Soak	5949901.433	1.197
154	10:56:19	-0.001	11.000	-0.000	PreCon Soak	5949901.440	1.197
155	10:56:20	-0.001	11.000	-0.000	PreCon Soak	5949901.447	1.197
156	10:56:21	-0.001	11.000	-0.000	PreCon Soak	5949901.458	1.197
157	10:56:22	-0.001	11.000	-0.000	PreCon Soak	5949901.461	1.197
158	10:56:23	-0.001	11.000	-0.000	PreCon Soak	5949901.468	1.197
159	10:56:24	-0.001	11.000	-0.000	PreCon Soak	5949901.479	1.197
160	10:56:25	-0.001	11.000	-0.000	PreCon Soak	5949901.482	1.197
161	10:56:26	-0.001	11.000	-0.000	PreCon Soak	5949901.489	1.197
162	10:56:27	-0.001	11.000	-0.000	PreCon Soak	5949901.493	1.197
163	10:56:28	-0.001	11.000	-0.000	PreCon Soak	5949901.503	1.197
164	10:56:29	-0.001	11.000	-0.000	PreCon Soak	5949901.507	1.197
165	10:56:30	-0.001	11.000	-0.000	PreCon Soak	5949901.514	1.197
166	10:56:31	-0.001	11.000	-0.000	PreCon Soak	5949901.521	1.197
167	10:56:32	-0.001	11.000	-0.000	PreCon Soak	5949901.524	1.197
168	10:56:33	-0.001	11.000	-0.000	PreCon Soak	5949901.534	1.197
169	10:56:34	-0.001	11.000	-0.000	PreCon Soak	5949901.534	1.197
170	10:56:35	-0.001	11.000	-0.000	PreCon Soak	5949901.545	1.197
171	10:56:36	-0.001	11.000	-0.000	PreCon Soak	5949901.548	1.197
172	10:56:37	-0.001	11.000	-0.000	PreCon Soak	5949901.555	1.197
173	10:56:38	-0.001	11.000	-0.000	PreCon Soak	5949901.559	1.197
174	10:56:39	-0.001	11.000	-0.000	PreCon Soak	5949901.566	1.197
175	10:56:40	-0.001	11.000	-0.000	PreCon Soak	5949901.569	1.197
176	10:56:41	-0.001	11.000	-0.000	PreCon Soak	5949901.576	1.197
177	10:56:42	-0.001	11.000	-0.000	PreCon Soak	5949901.580	1.197
178	10:56:43	-0.001	11.000	-0.000	PreCon Soak	5949901.587	1.197
179	10:56:44	-0.001	11.000	-0.000	PreCon Soak	5949901.590	1.197
180	10:56:45	-0.001	11.000	-0.000	PreCon Soak	5949901.597	1.197
181	10:56:46	-0.001	11.000	-0.000	PreCon Soak	5949901.601	1.197
182	10:56:47	-0.001	11.000	-0.000	PreCon Soak	5949901.608	1.197
183	10:56:48	-0.001	11.000	-0.000	PreCon Soak	5949901.615	1.197
184	10:56:49	-0.001	11.000	-0.000	PreCon Soak	5949901.618	1.197
185	10:56:50	-0.001	11.000	-0.000	PreCon Soak	5949901.625	1.197
186	10:56:51	-0.001	11.000	-0.000	PreCon Soak	5949901.629	1.197
187	10:56:52	-0.001	11.000	-0.000	PreCon Soak	5949901.636	1.197
188	10:56:53	-0.001	11.000	-0.000	PreCon Soak	5949901.639	1.197
189	10:56:54	-0.001	11.000	-0.000	PreCon Soak	5949901.643	1.197
190	10:56:55	-0.001	11.000	-0.000	PreCon Soak	5949901.650	1.197
191	10:56:56	-0.001	11.000	-0.000	PreCon Soak	5949901.653	1.197
192	10:56:57	-0.001	11.000	-0.000	PreCon Soak	5949901.660	1.197
193	10:56:58	-0.001	11.000	-0.000	PreCon Soak	5949901.664	1.197
194	10:56:59	-0.001	11.000	-0.000	PreCon Soak	5949901.667	1.197
195	10:57:00	-0.001	11.000	-0.000	PreCon Soak	5949901.674	1.197
196	10:57:01	-0.001	11.000	-0.000	PreCon Soak	5949901.678	1.197
197	10:57:02	-0.001	11.000	-0.000	PreCon Soak	5949901.681	1.197
198	10:57:03	-0.001	11.000	-0.000	PreCon Soak	5949901.685	1.197
199	10:57:04	-0.001	11.000	-0.000	PreCon Soak	5949901.692	1.197
200	10:57:05	-0.001	11.000	-0.000	PreCon Soak	5949901.695	1.197
201	10:57:06	-0.001	11.000	-0.000	PreCon Soak	5949901.702	1.197
202	10:57:07	-0.001	11.000	-0.000	PreCon Soak	5949901.709	1.197
203	10:57:08	-0.001	11.000	-0.000	PreCon Soak	5949901.713	1.197
204	10:57:09	-0.001	11.000	-0.000	PreCon Soak	5949901.716	1.197
205	10:57:10	-0.000	11.000	-0.000	PreCon Soak	5949901.716	1.197
206	10:57:11	-0.000	11.000	-0.000	PreCon Soak	5949901.723	1.197
207	10:57:12	-0.000	11.000	-0.000	PreCon Soak	5949901.727	1.197
208	10:57:13	-0.000	11.000	-0.000	PreCon Soak	5949901.730	1.197
209	10:57:14	-0.001	11.000	-0.000	PreCon Soak	5949901.737	1.197
210	10:57:15	-0.001	11.000	-0.000	PreCon Soak	5949901.741	1.197
211	10:57:16	-0.000	11.000	-0.000	PreCon Soak	5949901.741	1.197
212	10:57:17	-0.000	11.000	-0.000	PreCon Soak	5949901.744	1.197
213	10:57:18	-0.000	11.000	-0.000	PreCon Soak	5949901.751	1.197
214	10:57:19	-0.000	11.000	-0.000	PreCon Soak	5949901.755	1.197
215	10:57:20	-0.000	11.000	-0.000	PreCon Soak	5949901.755	1.197
216	10:57:21	-0.000	11.000	-0.000	PreCon Soak	5949901.758	1.197
217	10:57:22	-0.000	11.000	-0.000	PreCon Soak	5949901.765	1.197
218	10:57:23	-0.000	11.000	-0.000	PreCon Soak	5949901.768	1.197
219	10:57:24	-0.001	11.000	-0.000	PreCon Soak	5949901.772	1.197
220	10:57:25	-0.001	11.000	-0.000	PreCon Soak	5949901.779	1.197
221	10:57:26	-0.000	11.000	-0.000	PreCon Soak	5949901.779	1.197
222	10:57:27	-0.000	11.000	-0.000	PreCon Soak	5949901.782	1.197
223	10:57:28	-0.001	11.000	-0.000	PreCon Soak	5949901.789	1.197
224	10:57:29	-0.000	11.000	-0.000	PreCon Soak	5949901.789	1.197
225	10:57:30	-0.000	11.000	-0.000	PreCon Soak	5949901.793	1.197
226	10:57:31	-0.000	11.000	-0.000	PreCon Soak	5949901.796	1.197
227	10:57:32	-0.000	11.000	-0.000	PreCon Soak	5949901.803	1.197
228	10:57:33	-0.000	11.000	-0.000	PreCon Soak	5949901.803	1.197
229	10:57:34	-0.000	11.000	-0.000	PreCon Soak	5949901.807	1.197
230	10:57:35	-0.000	11.000	-0.000	PreCon Soak	5949901.807	1.197
231	10:57:36	-0.000	11.000	-0.000	PreCon Soak	5949901.810	1.197
232	10:57:37	-0.000	11.000	-0.000	PreCon Soak	5949901.814	1.197
233	10:57:38	-0.000	11.000	-0.000	PreCon Soak	5949901.817	1.197
234	10:57:39	-0.000	11.000	-0.000	PreCon Soak	5949901.821	1.197
235	10:57:40	-0.000	11.000	-0.000	PreCon Soak	5949901.821	1.197
236	10:57:41	-0.000	11.000	-0.000	PreCon Soak	5949901.828	1.197
237	10:57:42	-0.000	11.000	-0.000	PreCon Soak	5949901.828	1.197
238	10:57:43	-0.000	11.000	-0.000	PreCon Soak	5949901.831	1.197
239	10:57:44	-0.000	11.000	-0.000	PreCon Soak	5949901.835	1.197
240	10:57:45	-0.000	11.000	-0.000	PreCon Soak	5949901.838	1.197
241	10:57:46	-0.000	11.000	-0.000	PreCon Soak	5949901.842	1.197
242	10:57:47	-0.000	11.000	-0.000	PreCon Soak	5949901.842	1.197
243	10:57:48	-0.000	11.000	-0.000	PreCon Soak	5949901.845	1.197
244	10:57:49	-0.000	11.000	-0.000	PreCon Soak	5949901.845	1.197
245	10:57:50	-0.000	11.000	-0.000	PreCon Soak	5949901.852	1.197
246	10:57:51	-0.000	11.000	-0.000	PreCon Soak	5949901.852	1.197
247	10:57:52	-0.000	11.000	-0.000	PreCon Soak	5949901.856	1.197
248	10:57:53	-0.000	11.000	-0.000	PreCon Soak	5949901.856	1.197
249	10:57:54	-0.000	11.000	-0.000	PreCon Soak	5949901.856	1.197
250	10:57:55	-0.000	11.000	-0.000	PreCon Soak	5949901.859	1.197
251	10:57:56	-0.000	11.000	-0.000	PreCon Soak	5949901.859	1.197
252	10:57:57	-0.000	11.000	-0.000	PreCon Soak	5949901.859	1.197
253	10:57:58	-0.000	11.000	-0.000	PreCon Soak	5949901.866	1.197
254	10:57:59	-0.000	11.000	-0.000	PreCon Soak	5949901.870	1.197
255	10:58:00	-0.000	11.000	-0.000	PreCon Soak	5949901.863	1.197
256	10:58:01	-0.000	11.000	-0.000	PreCon Soak	5949901.866	1.197
257	10:58:02	-0.000	11.000	-0.000	PreCon Soak	5949901.870	1.197
258	10:58:03	0.000	11.000	-0.000	PreCon Soak	5949901.866	1.197
259	10:58:04	-0.000	11.000	-0.000	PreCon Soak	5949901.870	1.197
260	10:58:05	-0.000	11.000	-0.000	PreCon Soak	5949901.873	1.197
261	10:58:06	-0.000	11.000	-0.000	PreCon Soak	5949901.873	1.197
262	10:58:07	-0.000	11.000	-0.000	PreCon Soak	5949901.873	1.197
263	10:58:08	-0.000	11.000	-0.000	PreCon Soak	5949901.873	1.197
264	10:58:09	-0.000	11.000	-0.000	PreCon Soak	5949901.877	1.197
265	10:58:10	-0.000	11.000	-0.000	PreCon Soak	5949901.877	1.197
266	10:58:11	-0.000	11.000	-0.000	PreCon Soak	5949901.880	1.197
267	10:58:12	-0.000	11.000	-0.000	PreCon Soak	5949901.880	1.197
268	10:58:13	-0.000	11.000	-0.000	PreCon Soak	5949901.880	1.197
269	10:58:14	-0.000	11.000	-0.000	PreCon Soak	5949901.880	1.197
270	10:58:15	-0.000	11.000	-0.000	PreCon Soak	5949901.884	1.197
271	10:58:16	-0.000	11.000	-0.000	PreCon Soak	5949901.887	1.197
272	10:58:17	-0.000	11.000	-0.000	PreCon Soak	5949901.884	1.197
273	10:58:18	-0.000	11.000	-0.000	PreCon Soak	5949901.884	1.197
274	10:58:19	-0.000	11.000	-0.000	PreCon Soak	5949901.887	1.197
275	10:58:20	-0.000	11.000	-0.000	PreCon Soak	5949901.891	1.197
276	10:58:21	-0.000	11.000	-0.000	PreCon Soak	5949901.891	1.197
277	10:58:22	-0.000	11.000	-0.000	PreCon Soak	5949901.891	1.197
278	10:58:23	-0.000	11.000	-0.000	PreCon Soak	5949901.894	1.197
279	10:58:24	-0.000	11.000	-0.000	PreCon Soak	5949901.894	1.197
280	10:58:25	-0.000	11.000	-0.000	PreCon Soak	5949901.898	1.197
281	10:58:26	-0.000	11.000	-0.000	PreCon Soak	5949901.898	1.197
282	10:58:27	0.000	11.000	-0.000	PreCon Soak	5949901.894	1.197
283	10:58:28	-0.000	11.000	-0.000	PreCon Soak	5949901.898	1.197
284	10:58:29	-0.000	11.000	-0.000	PreCon Soak	5949901.901	1.197
285	10:58:30	-0.000	11.000	-0.000	PreCon Soak	5949901.901	1.197
286	10:58:31	-0.000	11.000	-0.000	PreCon Soak	5949901.898	1.197
287	10:58:32	-0.000	11.000	-0.000	PreCon Soak	5949901.901	1.197
288	10:58:33	0.000	11.000	-0.000	PreCon Soak	5949901.901	1.197
289	10:58:34	-0.000	11.000	-0.000	PreCon Soak	5949901.905	1.197
290	10:58:35	-0.000	11.000	-0.000	PreCon Soak	5949901.905	1.197
291	10:58:36	-0.000	11.000	-0.000	PreCon Soak	5949901.908	1.197
292	10:58:37	-0.000	11.000	-0.000	PreCon Soak	5949901.908	1.197
293	10:58:38	-0.000	11.000	-0.000	PreCon Soak	5949901.908	1.197
294	10:58:39	-0.000	11.000	-0.000	PreCon Soak	5949901.912	1.197
295	10:58:40	-0.000	11.000	-0.000	PreCon Soak	5949901.912	1.197
296	10:58:41	0.000	11.000	-0.000	PreCon Soak	5949901.908	1.197
297	10:58:42	-0.000	11.000	-0.000	PreCon Soak	5949901.912	1.197
298	10:58:43	0.000	11.000	-0.000	PreCon Soak	5949901.912	1.197
299	10:58:44	-0.000	11.000	-0.000	PreCon Soak	5949901.915	1.197
300	10:58:45	-0.000	11.000	-0.000	PreCon Soak	5949901.915	1.197
301	10:58:46	-0.000	11.000	-0.000	PreCon Soak	5949901.922	1.197
302	10:58:47	-0.000	11.000	-0.000	PreCon Soak	5949901.922	1.197
303	10:58:48	-0.000	11.000	-0.000	PreCon Soak	5949901.919	1.197
304	10:58:49	-0.000	11.000	-0.000	PreCon Soak	5949901.926	1.197
305	10:58:50	0.000	11.000	-0.000	PreCon Soak	5949901.922	1.197
306	10:58:51	0.000	11.000	-0.000	PreCon Soak	5949901.922	1.197
307	10:58:52	-0.000	11.000	-0.000	PreCon Soak	5949901.922	1.197
308	10:58:53	0.000	11.000	-0.000	PreCon Soak	5949901.922	1.197
309	10:58:54	0.000	11.000	-0.000	PreCon Soak	5949901.919	1.197
310	10:58:55	-0.000	11.000	-0.000	PreCon Soak	5949901.926	1.197
311	10:58:56	-0.000	11.000	-0.000	PreCon Soak	5949901.926	1.197
312	10:58:57	0.000	11.000	-0.000	PreCon Soak	5949901.922	1.197
313	10:58:58	-0.000	11.000	-0.000	PreCon Soak	5949901.926	1.197
314	10:58:59	0.000	11.000	-0.000	PreCon Soak	5949901.926	1.197
315	10:59:00	0.000	11.000	-0.000	PreCon Soak	5949901.926	1.197
316	10:59:01	-0.000	11.000	-0.000	PreCon Soak	5949901.926	1.197
317	10:59:02	0.000	11.000	-0.000	PreCon Soak	5949901.926	1.197
318	10:59:03	-0.000	11.000	-0.000	PreCon Soak	5949901.929	1.197
319	10:59:04	-0.000	11.000	-0.000	PreCon Soak	5949901.929	1.197
320	10:59:05	-0.000	11.000	-0.000	PreCon Soak	5949901.929	1.197
321	10:59:06	0.000	11.000	-0.000	PreCon Soak	5949901.926	1.197
322	10:59:07	0.000	11.000	-0.000	PreCon Soak	5949901.929	1.197
323	10:59:08	0.000	11.000	-0.000	PreCon Soak	5949901.926	1.197
324	10:59:09	0.000	11.000	-0.000	PreCon Soak	5949901.929	1.197
325	10:59:10	-0.000	11.000	-0.000	PreCon Soak	5949901.929	1.197
326	10:59:11	0.000	11.000	-0.000	PreCon Soak	5949901.929	1.197
327	10:59:12	-0.000	11.000	-0.000	PreCon Soak	5949901.933	1.197
328	10:59:13	-0.000	11.000	-0.000	PreCon Soak	5949901.933	1.197
329	10:59:14	0.000	11.000	-0.000	PreCon Soak	5949901.929	1.197
330	10:59:15	-0.000	11.000	-0.000	PreCon Soak	5949901.933	1.197
331	10:59:16	0.000	11.000	-0.000	PreCon Soak	5949901.933	1.197
332	10:59:17	-0.000	11.000	-0.000	PreCon Soak	5949901.936	1.197
333	10:59:18	-0.000	11.000	-0.000	PreCon Soak	5949901.936	1.197
334	10:59:19	-0.000	11.000	-0.000	PreCon Soak	5949901.936	1.197
335	10:59:20	-0.000	11.000	-0.000	PreCon Soak	5949901.936	1.197
336	10:59:21	0.000	11.000	-0.000	PreCon Soak	5949901.936	1.197
337	10:59:22	-0.000	11.000	-0.000	PreCon Soak	5949901.940	1.197
338	10:59:23	-0.000	11.000	-0.000	PreCon Soak	5949901.940	1.197
339	10:59:24	-0.000	11.000	-0.000	PreCon Soak	5949901.940	1.197
340	10:59:25	-0.000	11.000	-0.000	PreCon Soak	5949901.940	1.197
341	10:59:26	-0.000	11.000	-0.000	PreCon Soak	5949901.943	1.197
342	10:59:27	0.000	11.000	-0.000	PreCon Soak	5949901.936	1.197
343	10:59:28	-0.000	11.000	-0.000	PreCon Soak	5949901.943	1.197
344	10:59:29	0.000	11.000	-0.000	PreCon Soak	5949901.940	1.197
345	10:59:30	0.000	11.000	-0.000	PreCon Soak	5949901.943	1.197
346	10:59:31	-0.000	11.000	-0.000	PreCon Soak	5949901.943	1.197
347	10:59:32	0.000	11.000	-0.000	PreCon Soak	5949901.943	1.197
348	10:59:33	-0.000	11.000	-0.000	PreCon Soak	5949901.947	1.197
349	10:59:34	-0.000	11.000	-0.000	PreCon Soak	5949901.947	1.197
350	10:59:35	-0.000	11.000	-0.000	PreCon Soak	5949901.947	1.197
351	10:59:36	-0.000	11.000	-0.000	PreCon Soak	5949901.954	1.197
352	10:59:37	-0.000	11.000	-0.000	PreCon Soak	5949901.954	1.197
353	10:59:38	-0.000	11.000	-0.000	PreCon Soak	5949901.957	1.197
354	10:59:39	-0.000	11.000	-0.000	PreCon Soak	5949901.957	1.197
355	10:59:40	0.000	11.000	-0.000	Manual	5949901.957	1.197
356	10:59:41	-0.000	11.000	-0.000	Manual	5949901.961	1.197
357	10:59:42	-0.000	11.000	-0.000	Manual	5949901.964	1.197
358	10:59:43	-0.000	11.244	-0.000	Manual	5949901.964	1.197
359	10:59:44	-0.000	11.820	-0.000	Manual	5949901.968	1.197
360	10:59:45	-0.000	12.673	-0.000	Manual	5949901.971	1.197
361	10:59:46	-0.000	14.267	-0.000	Manual	5949901.971	1.197
362	10:59:47	-0.000	15.727	-0.000	Manual	5949901.978	1.197
363	10:59:48	-0.001	15.727	-0.000	Manual	5949901.988	1.197
364	10:59:49	-0.001	15.727	-0.000	Manual	5949901.999	1.197
365	10:59:50	-0.002	15.727	-0.000	Manual	5949902.016	1.197
366	10:59:51	-0.002	15.727	-0.000	Manual	5949902.034	1.197
367	10:59:52	-0.002	15.727	-0.000	Manual	5949902.048	1.197
368	10:59:53	-0.002	15.727	-0.000	Manual	5949902.069	1.197
369	10:59:54	-0.002	15.727	-0.000	Manual	5949902.086	1.197
370	10:59:55	-0.002	15.727	-0.000	Manual	5949902.104	1.197
371	10:59:56	-0.003	15.727	-0.000	Manual	5949902.125	1.197
372	10:59:57	-0.003	15.727	-0.000	Manual	5949902.142	1.197
373	10:59:58	-0.003	15.727	-0.000	Manual	5949902.163	1.197
374	10:59:59	-0.003	15.727	-0.000	Manual	5949902.181	1.197
375	11:00:00	-0.003	15.727	-0.000	Manual	5949902.205	1.197
376	11:00:01	-0.003	15.727	-0.000	Manual	5949902.229	1.197
377	11:00:02	-0.003	15.727	-0.000	Manual	5949902.250	1.197
378	11:00:03	-0.003	15.727	-0.000	Manual	5949902.268	1.197
379	11:00:04	-0.003	15.727	-0.000	Manual	5949902.292	1.197
380	11:00:05	-0.003	15.727	-0.000	Manual	5949902.313	1.197
381	11:00:06	-0.003	15.727	-0.000	Manual	5949902.334	1.197
382	11:00:07	-0.003	15.727	-0.000	Manual	5949902.355	1.197
383	11:00:08	-0.003	15.727	-0.000	Manual	5949902.376	1.197
384	11:00:09	-0.003	15.727	-0.000	Manual	5949902.397	1.197
385	11:00:10	-0.003	15.727	-0.000	Manual	5949902.418	1.197
386	11:00:11	-0.003	15.727	-0.000	Manual	5949902.443	1.197
387	11:00:12	-0.003	15.727	-0.000	Manual	5949902.463	1.197
388	11:00:13	-0.003	15.727	-0.000	Manual	5949902.484	1.197
389	11:00:14	-0.003	15.727	-0.000	Manual	5949902.505	1.197
390	11:00:15	-0.003	15.727	-0.000	Manual	5949902.523	1.197
391	11:00:16	-0.003	15.727	-0.000	Manual	5949902.544	1.197
392	11:00:17	-0.003	15.727	-0.000	Manual	5949902.561	1.197
393	11:00:18	-0.003	15.727	-0.000	Manual	5949902.582	1.197
394	11:00:19	-0.003	15.727	-0.000	Manual	5949902.600	1.197
395	11:00:20	-0.003	15.727	-0.000	Manual	5949902.621	1.197
396	11:00:21	-0.003	15.727	-0.000	Manual	5949902.638	1.197
397	11:00:22	-0.003	15.727	-0.000	Manual	5949902.656	1.197
398	11:00:23	-0.003	15.727	-0.000	Manual	5949902.677	1.197
399	11:00:24	-0.003	15.727	-0.000	Manual	5949902.694	1.197
400	11:00:25	-0.003	15.727	-0.000	Manual	5949902.715	1.197
401	11:00:26	-0.003	15.727	-0.000	Manual	5949902.732	1.197
402	11:00:27	-0.003	15.727	-0.000	Manual	5949902.753	1.197
403	11:00:28	-0.003	15.727	-0.000	Manual	5949902.767	1.197
404	11:00:29	-0.003	15.727	-0.000	Manual	5949902.788	1.197
405	11:00:30	-0.003	15.727	-0.000	Manual	5949902.806	1.197
406	11:00:31	-0.002	15.727	-0.000	Manual	5949902.820	1.197
407	11:00:32	-0.002	15.727	-0.000	Manual	5949902.837	1.197
408	11:00:33	-0.002	15.727	-0.000	Manual	5949902.855	1.197
409	11:00:34	-0.002	15.727	-0.000	Manual	5949902.872	1.197
410	11:00:35	-0.002	15.727	-0.000	Manual	5949902.890	1.197
411	11:00:36	-0.002	15.727	-0.000	Manual	5949902.900	1.197
412	11:00:37	-0.002	15.727	-0.000	Manual	5949902.917	1.197
413	11:00:38	-0.002	15.727	-0.000	Manual	5949902.931	1.197
414	11:00:39	-0.002	15.727	-0.000	Manual	5949902.952	1.197
415	11:00:40	-0.002	15.727	-0.000	Manual	5949902.963	1.197
416	11:00:41	-0.002	15.727	-0.000	Manual	5949902.977	1.197
417	11:00:42	-0.002	15.727	-0.000	Manual	5949902.991	1.197
418	11:00:43	-0.002	15.727	-0.000	Manual	5949903.005	1.197
419	11:00:44	-0.002	15.727	-0.000	Manual	5949903.022	1.197
420	11:00:45	-0.002	15.727	-0.000	Manual	5949903.033	1.197
421	11:00:46	-0.002	15.727	-0.000	Manual	5949903.050	1.197
422	11:00:47	-0.002	15.727	-0.000	Manual	5949903.064	1.197
423	11:00:48	-0.002	15.727	-0.000	Manual	5949903.078	1.197
424	11:00:49	-0.002	15.727	-0.000	Manual	5949903.089	1.197
425	11:00:50	-0.002	15.727	-0.000	Manual	5949903.103	1.197
426	11:00:51	-0.002	15.727	-0.000	Manual	5949903.110	1.197
427	11:00:52	-0.002	15.727	-0.000	Manual	5949903.124	1.197
428	11:00:53	-0.002	15.727	-0.000	Manual	5949903.134	1.197
429	11:00:54	-0.001	15.727	-0.000	Manual	5949903.145	1.197
430	11:00:55	-0.002	15.727	-0.000	Manual	5949903.155	1.197
431	11:00:56	-0.001	15.727	-0.000	Manual	5949903.162	1.197
432	11:00:57	-0.001	15.727	-0.000	Manual	5949903.169	1.197
433	11:00:58	-0.001	15.727	-0.000	Manual	5949903.179	1.197
434	11:00:59	-0.001	15.727	-0.000	Manual	5949903.190	1.197
435	11:01:00	-0.001	15.727	-0.000	Manual	5949903.197	1.197
436	11:01:01	-0.001	15.727	-0.000	Manual	5949903.204	1.197
437	11:01:02	-0.001	15.727	-0.000	Manual	5949903.214	1.197
438	11:01:03	-0.001	15.727	-0.000	Manual	5949903.214	1.197
439	11:01:04	-0.001	15.727	-0.000	Manual	5949903.228	1.197
440	11:01:05	-0.001	15.727	-0.000	Manual	5949903.228	1.197
441	11:01:06	-0.001	15.727	-0.000	Manual	5949903.232	1.197
442	11:01:07	-0.001	15.727	-0.000	Manual	5949903.242	1.197
443	11:01:08	-0.001	15.727	-0.000	Manual	5949903.246	1.197
444	11:01:09	-0.001	15.727	-0.000	Manual	5949903.249	1.197
445	11:01:10	-0.001	15.727	-0.000	Manual	5949903.256	1.197
446	11:01:11	-0.001	15.727	-0.000	Manual	5949903.263	1.197
447	11:01:12	-0.001	15.727	-0.000	Manual	5949903.263	1.197
448	11:01:13	-0.001	15.727	-0.000	Manual	5949903.270	1.197
449	11:01:14	-0.001	15.727	-0.000	Manual	5949903.277	1.197
450	11:01:15	-0.000	15.727	-0.000	Manual	5949903.277	1.197
451	11:01:16	-0.001	15.727	-0.000	Manual	5949903.281	1.197
452	11:01:17	-0.001	15.727	-0.000	Manual	5949903.288	1.197
453	11:01:18	-0.000	15.727	-0.000	Manual	5949903.288	1.197
454	11:01:19	-0.001	15.727	-0.000	Manual	5949903.295	1.197
455	11:01:20	-0.001	15.727	-0.000	Manual	5949903.298	1.197
456	11:01:21	-0.000	15.727	-0.000	Manual	5949903.298	1.197
457	11:01:22	-0.000	15.727	-0.000	Manual	5949903.302	1.197
458	11:01:23	-0.000	15.727	-0.000	Manual	5949903.309	1.197
459	11:01:24	-0.000	15.727	-0.000	Manual	5949903.309	1.197
460	11:01:25	-0.000	15.727	-0.000	Manual	5949903.312	1.197
461	11:01:26	-0.000	15.727	-0.000	Manual	5949903.312	1.197
462	11:01:27	-0.000	15.727	-0.000	Manual	5949903.312	1.197
463	11:01:28	-0.000	15.727	-0.000	Manual	5949903.316	1.197
464	11:01:29	-0.000	15.727	-0.000	Manual	5949903.319	1.197
465	11:01:30	-0.000	15.727	-0.000	Manual	5949903.323	1.197
466	11:01:31	-0.000	15.727	-0.000	Manual	5949903.323	1.197
467	11:01:32	-0.000	15.727	-0.000	Manual	5949903.326	1.197
468	11:01:33	-0.000	15.727	-0.000	Manual	5949903.326	1.197
469	11:01:34	-0.000	15.727	-0.000	Manual	5949903.326	1.197
470	11:01:35	-0.000	15.727	-0.000	Manual	5949903.330	1.197
471	11:01:36	-0.000	15.727	-0.000	Manual	5949903.330	1.197
472	11:01:37	-0.000	15.727	-0.000	Manual	5949903.330	1.197
473	11:01:38	-0.000	15.727	-0.000	Manual	5949903.330	1.197
474	11:01:39	0.000	15.727	-0.000	Manual	5949903.330	1.197
475	11:01:40	0.000	15.727	-0.000	Manual	5949903.330	1.197
476	11:01:41	0.000	15.727	-0.000	Manual	5949903.330	1.197
477	11:01:42	0.000	15.727	-0.000	Manual	5949903.330	1.197
478	11:01:43	0.000	15.727	-0.000	Manual	5949903.330	1.197
479	11:01:44	0.000	15.727	-0.000	Manual	5949903.330	1.197
480	11:01:45	0.000	15.727	-0.000	Manual	5949903.330	1.197
481	11:01:46	0.000	15.727	-0.000	Manual	5949903.330	1.197
482	11:01:47	-0.000	15.727	-0.000	Manual	5949903.333	1.197
483	11:01:48	-0.000	15.727	-0.000	Manual	5949903.333	1.197
484	11:01:49	-0.000	15.727	-0.000	Manual	5949903.337	1.197
485	11:01:50	-0.000	15.727	-0.000	Manual	5949903.340	1.197
486	11:01:51	-0.000	15.727	-0.000	Manual	5949903.340	1.197
487	11:01:52	-0.000	15.727	-0.000	Manual	5949903.340	1.197
488	11:01:53	-0.000	15.727	-0.000	Manual	5949903.344	1.197
489	11:01:54	-0.000	15.727	-0.000	Manual	5949903.344	1.197
490	11:01:55	-0.000	15.727	-0.000	Manual	5949903.344	1.197
491	11:01:56	-0.000	15.727	-0.000	Manual	5949903.347	1.197
492	11:01:57	-0.000	15.727	-0.000	Manual	5949903.351	1.197
493	11:01:58	-0.000	15.727	-0.000	Manual	5949903.351	1.197
494	11:01:59	-0.000	15.727	-0.000	Manual	5949903.354	1.197
495	11:02:00	-0.000	15.727	-0.000	Manual	5949903.354	1.197
496	11:02:01	0.000	15.727	-0.000	Manual	5949903.351	1.197
497	11:02:02	-0.000	15.727	-0.000	Manual	5949903.354	1.197
498	11:02:03	0.000	15.727	-0.000	Manual	5949903.354	1.197
499	11:02:04	-0.000	15.727	-0.000	Manual	5949903.358	1.197
500	11:02:05	-0.000	15.727	-0.000	Manual	5949903.354	1.197
501	11:02:06	0.000	15.727	-0.000	Manual	5949903.354	1.197
502	11:02:07	-0.000	15.727	-0.000	Manual	5949903.358	1.197
503	11:02:08	0.000	15.727	-0.000	Manual	5949903.354	1.197
504	11:02:09	-0.000	15.727	-0.000	Manual	5949903.358	1.197
505	11:02:10	0.000	15.727	-0.000	Manual	5949903.354	1.197
506	11:02:11	0.000	15.727	-0.000	Manual	5949903.351	1.197
507	11:02:12	0.000	15.727	-0.000	Manual	5949903.347	1.197
508	11:02:13	0.000	15.727	-0.000	Manual	5949903.347	1.197
509	11:02:14	0.000	15.727	-0.000	Manual	5949903.351	1.197
510	11:02:15	0.000	15.727	-0.000	Manual	5949903.347	1.197
511	11:02:16	0.000	15.727	-0.000	Manual	5949903.344	1.197
512	11:02:17	0.000	15.727	-0.000	Manual	5949903.344	1.197
513	11:02:18	0.000	15.727	-0.000	Manual	5949903.340	1.197
514	11:02:19	0.000	15.727	-0.000	Manual	5949903.340	1.197
515	11:02:20	0.000	15.727	-0.000	Manual	5949903.340	1.197
516	11:02:21	0.000	15.727	-0.000	Manual	5949903.340	1.197
517	11:02:22	0.000	15.727	-0.000	Manual	5949903.337	1.197
518	11:02:23	0.000	15.727	-0.000	Manual	5949903.337	1.197
519	11:02:24	0.000	15.727	-0.000	Manual	5949903.333	1.197
520	11:02:25	0.000	15.727	-0.000	Manual	5949903.333	1.197
521	11:02:26	0.000	15.727	-0.000	Manual	5949903.330	1.197
522	11:02:27	0.000	15.727	-0.000	Manual	5949903.330	1.197
523	11:02:28	0.000	15.727	-0.000	Manual	5949903.333	1.197
524	11:02:29	0.000	15.727	-0.000	Manual	5949903.330	1.197
525	11:02:30	0.000	15.727	-0.000	Manual	5949903.326	1.197
526	11:02:31	0.000	15.727	-0.000	Manual	5949903.326	1.197
527	11:02:32	0.000	15.727	-0.000	Manual	5949903.319	1.197
528	11:02:33	0.000	15.727	-0.000	Manual	5949903.323	1.197
529	11:02:34	0.000	15.727	-0.000	Manual	5949903.323	1.197
530	11:02:35	0.000	15.727	-0.000	Manual	5949903.319	1.197
531	11:02:36	0.000	15.727	-0.000	Manual	5949903.316	1.197
532	11:02:37	0.000	15.727	-0.000	Manual	5949903.316	1.197
533	11:02:38	0.000	15.727	-0.000	Manual	5949903.312	1.197
534	11:02:39	0.000	15.727	-0.000	Manual	5949903.312	1.197
535	11:02:40	0.000	15.727	-0.000	Manual	5949903.309	1.197
536	11:02:41	0.000	15.727	-0.000	Manual	5949903.309	1.197
537	11:02:42	0.000	15.727	-0.000	Manual	5949903.305	1.197
538	11:02:43	0.000	15.727	-0.000	Manual	5949903.305	1.197
539	11:02:44	0.000	15.727	-0.000	Manual	5949903.302	1.197
540	11:02:45	0.000	15.727	-0.000	Manual	5949903.302	1.197
541	11:02:46	0.000	15.727	-0.000	Manual	5949903.302	1.197
542	11:02:47	0.000	15.727	-0.000	Manual	5949903.298	1.197
543	11:02:48	0.000	15.727	-0.000	Manual	5949903.298	1.197
544	11:02:49	0.000	15.727	-0.000	Manual	5949903.298	1.197
545	11:02:50	0.000	15.727	-0.000	Manual	5949903.295	1.197
546	11:02:51	0.000	15.727	-0.000	Manual	5949903.295	1.197
547	11:02:52	0.000	15.727	-0.000	Manual	5949903.288	1.197
548	11:02:53	0.000	15.727	-0.000	Manual	5949903.291	1.197
549	11:02:54	0.000	15.727	-0.000	Manual	5949903.288	1.197
550	11:02:55	0.000	15.727	-0.000	Manual	5949903.288	1.197
551	11:02:56	0.000	15.727	-0.000	Manual	5949903.284	1.197
552	11:02:57	0.000	15.727	-0.000	Manual	5949903.284	1.197
553	11:02:58	0.000	15.727	-0.000	Manual	5949903.284	1.197
554	11:02:59	0.000	15.727	-0.000	Manual	5949903.284	1.197
555	11:03:00	-0.000	15.727	-0.000	Manual	5949903.288	1.197
556	11:03:01	-0.000	15.727	-0.000	Manual	5949903.288	1.197
557	11:03:02	0.000	15.727	-0.000	Manual	5949903.284	1.197
558	11:03:03	0.000	15.727	-0.000	Manual	5949903.284	1.197
559	11:03:04	0.000	15.727	-0.000	Manual	5949903.284	1.197
560	11:03:05	0.000	15.727	-0.000	Manual	5949903.284	1.197
561	11:03:06	0.000	15.727	-0.000	Manual	5949903.284	1.197
562	11:03:07	0.000	15.727	-0.000	Manual	5949903.281	1.197
563	11:03:08	0.000	15.727	-0.000	Manual	5949903.281	1.197
564	11:03:09	0.000	15.727	-0.000	Manual	5949903.274	1.197
565	11:03:10	0.000	15.727	-0.000	Manual	5949903.270	1.197
566	11:03:11	0.000	15.727	-0.000	Manual	5949903.270	1.197
567	11:03:12	0.000	15.727	-0.000	Manual	5949903.267	1.197
568	11:03:13	0.000	15.727	-0.000	Manual	5949903.267	1.197
569	11:03:14	0.000	15.727	-0.000	Manual	5949903.263	1.197
570	11:03:15	0.000	15.727	-0.000	Manual	5949903.260	1.197
571	11:03:16	0.000	15.727	-0.000	Manual	5949903.260	1.197
572	11:03:17	0.000	15.727	-0.000	Manual	5949903.253	1.197
573	11:03:18	0.000	15.727	-0.000	Manual	5949903.253	1.197
574	11:03:19	0.000	15.727	-0.000	Manual	5949903.253	1.197
575	11:03:20	0.000	15.727	-0.000	Manual	5949903.253	1.197
576	11:03:21	0.000	15.727	-0.000	Manual	5949903.246	1.197
577	11:03:22	0.000	15.727	-0.000	Manual	5949903.246	1.197
578	11:03:23	0.000	15.727	-0.000	Manual	5949903.242	1.197
579	11:03:24	0.000	15.727	-0.000	Manual	5949903.239	1.197
580	11:03:25	0.000	15.727	-0.000	Manual	5949903.235	1.197
581	11:03:26	0.000	15.727	-0.000	Manual	5949903.232	1.197
582	11:03:27	0.000	15.727	-0.000	Manual	5949903.228	1.197
583	11:03:28	0.000	15.727	-0.000	Manual	5949903.228	1.197
584	11:03:29	0.000	15.727	-0.000	Manual	5949903.225	1.197
585	11:03:30	0.000	15.727	-0.000	Manual	5949903.218	1.197
586	11:03:31	0.000	15.727	-0.000	Manual	5949903.214	1.197
587	11:03:32	0.001	15.727	-0.000	Manual	5949903.211	1.197
588	11:03:33	0.001	15.727	-0.000	Manual	5949903.207	1.197
589	11:03:34	0.000	15.727	-0.000	Manual	5949903.204	1.197
590	11:03:35	0.000	15.727	-0.000	Manual	5949903.200	1.197
591	11:03:36	0.001	15.727	-0.000	Manual	5949903.193	1.197
592	11:03:37	0.001	15.727	-0.000	Manual	5949903.190	1.197
593	11:03:38	0.001	15.727	-0.000	Manual	5949903.186	1.197
594	11:03:39	0.001	15.727	-0.000	Manual	5949903.183	1.197
595	11:03:40	0.000	15.727	-0.000	Manual	5949903.179	1.197
596	11:03:41	0.000	15.727	-0.000	Manual	5949903.179	1.197
597	11:03:42	0.000	15.727	-0.000	Manual	5949903.179	1.197
598	11:03:43	0.000	15.727	-0.000	Manual	5949903.176	1.197
599	11:03:44	0.000	15.727	-0.000	Manual	5949903.176	1.197
600	11:03:45	0.000	15.727	-0.000	Manual	5949903.176	1.197
601	11:03:46	0.000	15.727	-0.000	Manual	5949903.172	1.197
602	11:03:47	0.000	15.727	-0.000	Manual	5949903.172	1.197
603	11:03:48	0.000	15.727	-0.000	Manual	5949903.169	1.197
604	11:03:49	0.001	15.727	-0.000	Manual	5949903.158	1.197
605	11:03:50	0.001	15.727	-0.000	Manual	5949903.151	1.197
606	11:03:51	0.001	15.727	-0.000	Manual	5949903.145	1.197
607	11:03:52	0.001	15.727	-0.000	Manual	5949903.141	1.197
608	11:03:53	0.001	15.727	-0.000	Manual	5949903.138	1.197
609	11:03:54	0.001	15.727	-0.000	Manual	5949903.134	1.197
610	11:03:55	0.000	15.727	-0.000	Manual	5949903.134	1.197
611	11:03:56	0.000	15.727	-0.000	Manual	5949903.134	1.197
612	11:03:57	0.000	15.727	-0.000	Manual	5949903.131	1.197
613	11:03:58	0.000	15.727	-0.000	Manual	5949903.131	1.197
614	11:03:59	0.000	15.727	-0.000	Manual	5949903.131	1.197
615	11:04:00	0.000	15.727	-0.000	Manual	5949903.131	1.197
616	11:04:01	0.000	15.727	-0.000	Manual	5949903.127	1.197
617	11:04:02	0.000	15.727	-0.000	Manual	5949903.124	1.197
618	11:04:03	0.000	15.727	-0.000	Manual	5949903.120	1.197
619	11:04:04	0.000	15.727	-0.000	Manual	5949903.117	1.197
620	11:04:05	0.000	15.727	-0.000	Manual	5949903.120	1.197
621	11:04:06	0.000	15.727	-0.000	Manual	5949903.117	1.197
622	11:04:07	0.000	15.727	-0.000	Manual	5949903.110	1.197
623	11:04:08	0.000	15.727	-0.000	Manual	5949903.113	1.197
624	11:04:09	0.000	15.727	-0.000	Manual	5949903.110	1.197
625	11:04:10	0.000	15.727	-0.000	Manual	5949903.110	1.197
626	11:04:11	0.000	15.727	-0.000	Manual	5949903.110	1.197
627	11:04:12	0.000	15.727	-0.000	Manual	5949903.113	1.197
628	11:04:13	0.000	15.727	-0.000	Manual	5949903.106	1.197
629	11:04:14	0.000	15.727	-0.000	Manual	5949903.106	1.197
630	11:04:15	0.000	15.727	-0.000	Manual	5949903.099	1.197
631	11:04:16	0.001	15.727	-0.000	Manual	5949903.092	1.197
632	11:04:17	0.001	15.727	-0.000	Manual	5949903.085	1.197
633	11:04:18	0.000	15.727	-0.000	Manual	5949903.092	1.197
634	11:04:19	0.000	15.727	-0.000	Manual	5949903.089	1.197
635	11:04:20	0.000	15.727	-0.000	Manual	5949903.089	1.197
636	11:04:21	-0.000	15.727	-0.000	Manual	5949903.089	1.197
637	11:04:22	0.000	15.727	-0.000	Manual	5949903.085	1.197
638	11:04:23	0.000	15.727	-0.000	Manual	5949903.085	1.197
639	11:04:24	0.000	15.727	-0.000	Manual	5949903.089	1.197
640	11:04:25	0.000	15.906	-0.000	Manual	5949903.085	1.197
641	11:04:26	-0.000	16.209	-0.000	Manual	5949903.089	1.197
642	11:04:27	-0.000	16.744	-0.000	Manual	5949903.092	1.197
643	11:04:28	-0.000	17.051	-0.000	Manual	5949903.103	1.197
644	11:04:29	-0.001	17.296	-0.000	Manual	5949903.106	1.197
645	11:04:30	-0.001	17.572	-0.000	Manual	5949903.120	1.197
646	11:04:31	-0.002	17.572	-0.000	Manual	5949903.141	1.197
647	11:04:32	-0.002	17.572	-0.000	Manual	5949903.155	1.197
648	11:04:33	-0.003	17.572	-0.000	Manual	5949903.186	1.197
649	11:04:34	-0.003	17.572	-0.000	Manual	5949903.204	1.197
650	11:04:35	-0.003	17.572	-0.000	Manual	5949903.225	1.197
651	11:04:36	-0.003	17.572	-0.000	Manual	5949903.249	1.197
652	11:04:37	-0.003	17.572	-0.000	Manual	5949903.267	1.197
653	11:04:38	-0.003	17.572	-0.000	Manual	5949903.288	1.197
654	11:04:39	-0.003	17.572	-0.000	Manual	5949903.309	1.197
655	11:04:40	-0.003	17.572	-0.000	Manual	5949903.333	1.197
656	11:04:41	-0.003	17.572	-0.000	Manual	5949903.358	1.197
657	11:04:42	-0.003	17.572	-0.000	Manual	5949903.382	1.197
658	11:04:43	-0.003	17.572	-0.000	Manual	5949903.399	1.197
659	11:04:44	-0.003	17.572	-0.000	Manual	5949903.420	1.197
660	11:04:45	-0.003	17.572	-0.000	Manual	5949903.431	1.197
661	11:04:46	-0.002	17.572	-0.000	Manual	5949903.448	1.197
662	11:04:47	-0.002	17.572	-0.000	Manual	5949903.462	1.197
663	11:04:48	-0.002	17.572	-0.000	Manual	5949903.476	1.197
664	11:04:49	-0.002	17.572	-0.000	Manual	5949903.487	1.197
665	11:04:50	-0.002	17.572	-0.000	Manual	5949903.497	1.197
666	11:04:51	-0.001	17.572	-0.000	Manual	5949903.501	1.197
667	11:04:52	-0.001	17.572	-0.000	Manual	5949903.508	1.197
668	11:04:53	-0.001	17.572	-0.000	Manual	5949903.515	1.197
669	11:04:54	-0.001	17.572	-0.000	Manual	5949903.515	1.197
670	11:04:55	-0.000	17.572	-0.000	Manual	5949903.515	1.197
671	11:04:56	-0.000	17.572	-0.000	Manual	5949903.515	1.197
672	11:04:57	0.000	17.572	-0.000	Manual	5949903.508	1.197
673	11:04:58	0.000	17.572	-0.000	Manual	5949903.508	1.197
674	11:04:59	0.001	17.572	-0.000	Manual	5949903.497	1.197
675	11:05:00	0.001	17.572	-0.000	Manual	5949903.494	1.197
676	11:05:01	0.001	17.572	-0.000	Manual	5949903.476	1.197
677	11:05:02	0.002	17.572	-0.000	Manual	5949903.462	1.197
678	11:05:03	0.002	17.572	-0.000	Manual	5949903.452	1.197
679	11:05:04	0.002	17.572	-0.000	Manual	5949903.441	1.197
680	11:05:05	0.002	17.572	-0.000	Manual	5949903.424	1.197
681	11:05:06	0.002	17.572	-0.000	Manual	5949903.406	1.197
682	11:05:07	0.002	17.572	-0.000	Manual	5949903.385	1.197
683	11:05:08	0.003	17.572	-0.000	Manual	5949903.368	1.197
684	11:05:09	0.003	17.572	-0.000	Manual	5949903.347	1.197
685	11:05:10	0.003	17.572	-0.000	Manual	5949903.326	1.197
686	11:05:11	0.003	17.572	-0.000	Manual	5949903.291	1.197
687	11:05:12	0.003	17.572	-0.000	Manual	5949903.267	1.197
688	11:05:13	0.004	17.572	-0.000	Manual	5949903.235	1.197
689	11:05:14	0.004	17.572	-0.000	Manual	5949903.200	1.197
690	11:05:15	0.004	17.572	-0.000	Manual	5949903.172	1.197
691	11:05:16	0.004	17.572	-0.000	Manual	5949903.141	1.197
692	11:05:17	0.005	17.572	-0.000	Manual	5949903.103	1.197
693	11:05:18	0.005	17.572	-0.000	Manual	5949903.064	1.197
694	11:05:19	0.005	17.572	-0.000	Manual	5949903.026	1.197
695	11:05:20	0.005	17.572	-0.000	Manual	5949902.987	1.197
696	11:05:21	0.005	17.572	-0.000	Manual	5949902.949	1.197
697	11:05:22	0.005	17.572	-0.000	Manual	5949902.907	1.197
698	11:05:23	0.006	17.572	-0.000	Manual	5949902.858	1.197
699	11:05:24	0.006	17.572	-0.000	Manual	5949902.816	1.197
700	11:05:25	0.006	17.572	-0.000	Manual	5949902.764	1.197
701	11:05:26	0.007	17.572	-0.000	Manual	5949902.715	1.197
702	11:05:27	0.007	17.572	-0.000	Manual	5949902.659	1.197
703	11:05:28	0.007	17.572	-0.000	Manual	5949902.607	1.197
704	11:05:29	0.007	17.572	-0.000	Manual	5949902.558	1.197
705	11:05:30	0.008	17.572	-0.000	Manual	5949902.495	1.197
706	11:05:31	0.008	17.572	-0.000	Manual	5949902.436	1.197
707	11:05:32	0.008	17.572	-0.000	Manual	5949902.373	1.197
708	11:05:33	0.009	17.572	-0.000	Manual	5949902.310	1.197
709	11:05:34	0.009	17.572	-0.000	Manual	5949902.240	1.197
710	11:05:35	0.009	17.572	-0.000	Manual	5949902.177	1.197
711	11:05:36	0.009	17.572	-0.000	Manual	5949902.111	1.197
712	11:05:37	0.009	17.572	-0.000	Manual	5949902.037	1.197
713	11:05:38	0.009	17.572	-0.000	Manual	5949901.964	1.197
714	11:05:39	0.010	17.572	-0.000	Manual	5949901.891	1.197
715	11:05:40	0.010	17.572	-0.000	Manual	5949901.807	1.197
716	11:05:41	0.011	17.572	0.000	Manual	5949901.727	1.197
717	11:05:42	0.011	17.572	0.000	Manual	5949901.643	1.197
718	11:05:43	0.012	17.572	0.000	Manual	5949901.552	1.197
719	11:05:44	0.012	17.572	0.000	Manual	5949901.461	1.197
720	11:05:45	0.012	17.572	0.000	Manual	5949901.374	1.197
721	11:05:46	0.013	17.572	0.000	Manual	5949901.276	1.197
722	11:05:47	0.013	17.572	0.000	Manual	5949901.178	1.197
723	11:05:48	0.013	17.572	0.000	Manual	5949901.084	1.197
724	11:05:49	0.014	17.572	0.000	Manual	5949900.976	1.197
725	11:05:50	0.014	17.572	0.000	Manual	5949900.871	1.197
726	11:05:51	0.014	17.572	0.000	Manual	5949900.763	1.197
727	11:05:52	0.015	17.572	0.000	Manual	5949900.651	1.197
728	11:05:53	0.015	17.572	0.000	Manual	5949900.539	1.197
729	11:05:54	0.015	17.572	0.000	Manual	5949900.420	1.197
730	11:05:55	0.016	17.572	0.000	Manual	5949900.298	1.197
731	11:05:56	0.016	17.572	0.000	Manual	5949900.172	1.197
732	11:05:57	0.017	17.572	0.000	Manual	5949900.047	1.197
733	11:05:58	0.017	17.572	0.000	Manual	5949899.921	1.197
734	11:05:59	0.018	17.572	0.000	Manual	5949899.785	1.197
735	11:06:00	0.018	17.572	0.000	Manual	5949899.652	1.197
736	11:06:01	0.018	17.572	0.000	Manual	5949899.516	1.197
737	11:06:02	0.019	17.572	0.000	Manual	5949899.380	1.198
738	11:06:03	0.019	17.572	0.000	Manual	5949899.233	1.198
739	11:06:04	0.019	17.572	0.000	Manual	5949899.093	1.198
740	11:06:05	0.020	17.572	0.000	Manual	5949898.947	1.198
741	11:06:06	0.020	17.572	0.000	Manual	5949898.800	1.198
742	11:06:07	0.020	17.572	0.000	Manual	5949898.650	1.198
743	11:06:08	0.020	17.572	0.000	Manual	5949898.496	1.198
744	11:06:09	0.021	17.572	0.000	Manual	5949898.339	1.198
745	11:06:10	0.021	17.572	0.000	Manual	5949898.178	1.198
746	11:06:11	0.022	17.572	0.000	Manual	5949898.014	1.198
747	11:06:12	0.022	17.572	0.001	Manual	5949897.853	1.198
748	11:06:13	0.022	17.572	0.001	Manual	5949897.689	1.198
749	11:06:14	0.023	17.572	0.001	Manual	5949897.522	1.198
750	11:06:15	0.023	17.572	0.001	Manual	5949897.351	1.198
751	11:06:16	0.023	17.572	0.001	Manual	5949897.176	1.198
752	11:06:17	0.023	17.572	0.001	Manual	5949897.012	1.198
753	11:06:18	0.023	17.572	0.001	Manual	5949896.841	1.198
754	11:06:19	0.024	17.572	0.001	Manual	5949896.662	1.198
755	11:06:20	0.024	17.572	0.001	Manual	5949896.484	1.198
756	11:06:21	0.024	17.572	0.001	Manual	5949896.303	1.198
757	11:06:22	0.025	17.572	0.001	Manual	5949896.114	1.198
758	11:06:23	0.025	17.572	0.001	Manual	5949895.926	1.198
759	11:06:24	0.025	17.572	0.001	Manual	5949895.747	1.198
760	11:06:25	0.026	17.572	0.001	Manual	5949895.555	1.198
761	11:06:26	0.026	17.572	0.001	Manual	5949895.356	1.198
762	11:06:27	0.026	17.572	0.001	Manual	5949895.164	1.198
763	11:06:28	0.027	17.572	0.001	Manual	5949894.969	1.198
764	11:06:29	0.027	17.572	0.001	Manual	5949894.770	1.198
765	11:06:30	0.027	17.572	0.001	Manual	5949894.564	1.198
766	11:06:31	0.028	17.572	0.001	Manual	5949894.354	1.198
767	11:06:32	0.029	17.572	0.001	Manual	5949894.137	1.198
768	11:06:33	0.029	17.572	0.001	Manual	5949893.924	1.198
769	11:06:34	0.030	17.572	0.001	Manual	5949893.701	1.198
770	11:06:35	0.030	17.572	0.001	Manual	5949893.474	1.198
771	11:06:36	0.031	17.572	0.001	Manual	5949893.247	1.198
772	11:06:37	0.031	17.572	0.001	Manual	5949893.016	1.198
773	11:06:38	0.032	17.572	0.001	Manual	5949892.779	1.198
774	11:06:39	0.032	17.572	0.001	Manual	5949892.541	1.198
775	11:06:40	0.032	17.572	0.001	Manual	5949892.311	1.198
776	11:06:41	0.033	17.572	0.001	Manual	5949892.066	1.198
777	11:06:42	0.033	17.572	0.001	Manual	5949891.825	1.198
778	11:06:43	0.033	17.572	0.001	Manual	5949891.570	1.198
779	11:06:44	0.034	17.572	0.001	Manual	5949891.312	1.198
780	11:06:45	0.035	17.572	0.001	Manual	5949891.057	1.198
781	11:06:46	0.035	17.572	0.001	Manual	5949890.799	1.198
782	11:06:47	0.035	17.572	0.001	Manual	5949890.537	1.198
783	11:06:48	0.036	17.572	0.002	Manual	5949890.275	1.198
784	11:06:49	0.036	17.572	0.002	Manual	5949890.006	1.198
785	11:06:50	0.037	17.572	0.002	Manual	5949889.730	1.198
786	11:06:51	0.037	17.572	0.002	Manual	5949889.458	1.198
787	11:06:52	0.037	17.572	0.002	Manual	5949889.185	1.198
788	11:06:53	0.038	17.572	0.002	Manual	5949888.906	1.198
789	11:06:54	0.038	17.572	0.002	Manual	5949888.619	1.198
790	11:06:55	0.038	17.572	0.002	Manual	5949888.340	1.198
791	11:06:56	0.039	17.572	0.002	Manual	5949888.054	1.198
792	11:06:57	0.039	17.572	0.002	Manual	5949887.764	1.198
793	11:06:58	0.040	17.572	0.002	Manual	5949887.467	1.198
794	11:06:59	0.040	17.572	0.002	Manual	5949887.177	1.198
795	11:07:00	0.040	17.572	0.002	Manual	5949886.880	1.198
796	11:07:01	0.041	17.572	0.002	Manual	5949886.583	1.198
797	11:07:02	0.041	17.572	0.002	Manual	5949886.279	1.198
798	11:07:03	0.041	17.572	0.002	Manual	5949885.979	1.198
799	11:07:04	0.041	17.572	0.002	Manual	5949885.672	1.198
800	11:07:05	0.042	17.572	0.002	Manual	5949885.361	1.198
801	11:07:06	0.042	17.572	0.002	Manual	5949885.050	1.198
802	11:07:07	0.043	17.572	0.002	Manual	5949884.725	1.198
803	11:07:08	0.043	17.572	0.002	Manual	5949884.407	1.198
804	11:07:09	0.044	17.572	0.002	Manual	5949884.090	1.198
805	11:07:10	0.044	17.572	0.002	Manual	5949883.772	1.198
806	11:07:11	0.044	17.572	0.002	Manual	5949883.440	1.198
807	11:07:12	0.044	17.572	0.002	Manual	5949883.115	1.198
808	11:07:13	0.045	17.572	0.003	Manual	5949882.780	1.198
809	11:07:14	0.046	17.572	0.003	Manual	5949882.441	1.198
810	11:07:15	0.046	17.572	0.003	Manual	5949882.106	1.198
811	11:07:16	0.047	17.572	0.003	Manual	5949881.760	1.198
812	11:07:17	0.047	17.572	0.003	Manual	5949881.418	1.198
813	11:07:18	0.047	17.572	0.003	Manual	5949881.072	1.198
814	11:07:19	0.048	17.572	0.003	Manual	5949880.716	1.198
815	11:07:20	0.048	17.572	0.003	Manual	5949880.363	1.198
816	11:07:21	0.048	17.572	0.003	Manual	5949880.007	1.198
817	11:07:22	0.049	17.572	0.003	Manual	5949879.654	1.198
818	11:07:23	0.049	17.572	0.003	Manual	5949879.291	1.198
819	11:07:24	0.049	17.572	0.003	Manual	5949878.931	1.198
820	11:07:25	0.049	17.572	0.003	Manual	5949878.575	1.198
821	11:07:26	0.049	17.572	0.003	Manual	5949878.219	1.198
822	11:07:27	0.049	17.572	0.003	Manual	5949877.856	1.198
823	11:07:28	0.049	17.572	0.003	Manual	5949877.496	1.198
824	11:07:29	0.049	17.572	0.003	Manual	5949877.133	1.198
825	11:07:30	0.050	17.572	0.003	Manual	5949876.766	1.198
826	11:07:31	0.050	17.572	0.003	Manual	5949876.399	1.198
827	11:07:32	0.050	17.572	0.003	Manual	5949876.036	1.198
828	11:07:33	0.050	17.572	0.004	Manual	5949875.669	1.198
829	11:07:34	0.050	17.572	0.004	Manual	5949875.306	1.198
830	11:07:35	0.050	17.572	0.004	Manual	5949874.936	1.198
831	11:07:36	0.050	17.572	0.004	Manual	5949874.569	1.198
832	11:07:37	0.050	17.572	0.004	Manual	5949874.199	1.198
833	11:07:38	0.051	17.572	0.004	Manual	5949873.829	1.198
834	11:07:39	0.051	17.572	0.004	Manual	5949873.455	1.198
835	11:07:40	0.051	17.572	0.004	Manual	5949873.092	1.198
836	11:07:41	0.051	17.572	0.004	Manual	5949872.722	1.199
837	11:07:42	0.051	17.572	0.004	Manual	5949872.348	1.199
838	11:07:43	0.051	17.572	0.004	Manual	5949871.971	1.199
839	11:07:44	0.051	17.572	0.004	Manual	5949871.601	1.199
840	11:07:45	0.051	17.572	0.004	Manual	5949871.223	1.199
841	11:07:46	0.052	17.572	0.004	Manual	5949870.843	1.199
842	11:07:47	0.052	17.572	0.004	Manual	5949870.466	1.199
843	11:07:48	0.052	17.572	0.004	Manual	5949870.085	1.199
844	11:07:49	0.052	17.572	0.004	Manual	5949869.704	1.199
845	11:07:50	0.052	17.572	0.004	Manual	5949869.317	1.199
846	11:07:51	0.053	17.572	0.004	Manual	5949868.929	1.199
847	11:07:52	0.053	17.572	0.004	Manual	5949868.548	1.199
848	11:07:53	0.053	17.572	0.005	Manual	5949868.168	1.199
849	11:07:54	0.052	17.572	0.005	Manual	5949867.787	1.199
850	11:07:55	0.053	17.572	0.005	Manual	5949867.396	1.199
851	11:07:56	0.053	17.572	0.005	Manual	5949867.008	1.199
852	11:07:57	0.053	17.572	0.005	Manual	5949866.620	1.199
853	11:07:58	0.053	17.572	0.005	Manual	5949866.233	1.199
854	11:07:59	0.053	17.572	0.005	Manual	5949865.842	1.199
855	11:08:00	0.053	17.572	0.005	Manual	5949865.450	1.199
856	11:08:01	0.053	17.572	0.005	Manual	5949865.063	1.199
857	11:08:02	0.054	17.572	0.005	Manual	5949864.665	1.199
858	11:08:03	0.054	17.572	0.005	Manual	5949864.270	1.199
859	11:08:04	0.054	17.572	0.005	Manual	5949863.868	1.199
860	11:08:05	0.055	17.572	0.005	Manual	5949863.474	1.199
861	11:08:06	0.055	17.572	0.005	Manual	5949863.076	1.199
862	11:08:07	0.055	17.572	0.005	Manual	5949862.677	1.199
863	11:08:08	0.055	17.572	0.005	Manual	5949862.276	1.199
864	11:08:09	0.055	17.572	0.005	Manual	5949861.874	1.199
865	11:08:10	0.055	17.572	0.005	Manual	5949861.469	1.199
866	11:08:11	0.055	17.572	0.006	Manual	5949861.064	1.199
867	11:08:12	0.055	17.572	0.006	Manual	5949860.662	1.199
868	11:08:13	0.055	17.572	0.006	Manual	5949860.257	1.199
869	11:08:14	0.055	17.572	0.006	Manual	5949859.852	1.199
870	11:08:15	0.056	17.572	0.006	Manual	5949859.440	1.199
871	11:08:16	0.056	17.572	0.006	Manual	5949859.035	1.199
872	11:08:17	0.056	17.572	0.006	Manual	5949858.623	1.199
873	11:08:18	0.056	17.572	0.006	Manual	5949858.207	1.199
874	11:08:19	0.056	17.572	0.006	Manual	5949857.795	1.199
875	11:08:20	0.057	17.572	0.006	Manual	5949857.383	1.199
876	11:08:21	0.057	17.572	0.006	Manual	5949856.960	1.199
877	11:08:22	0.057	17.572	0.006	Manual	5949856.548	1.199
878	11:08:23	0.057	17.572	0.006	Manual	5949856.129	1.199
879	11:08:24	0.057	17.572	0.006	Manual	5949855.710	1.199
880	11:08:25	0.057	17.572	0.006	Manual	5949855.291	1.199
881	11:08:26	0.058	17.572	0.006	Manual	5949854.868	1.199
882	11:08:27	0.058	17.572	0.006	Manual	5949854.446	1.199
883	11:08:28	0.058	17.572	0.006	Manual	5949854.027	1.199
884	11:08:29	0.058	17.572	0.007	Manual	5949853.597	1.199
885	11:08:30	0.058	17.572	0.007	Manual	5949853.171	1.199
886	11:08:31	0.058	17.572	0.007	Manual	5949852.745	1.199
887	11:08:32	0.059	17.572	0.007	Manual	5949852.319	1.199
888	11:08:33	0.058	17.572	0.007	Manual	5949851.893	1.199
889	11:08:34	0.059	17.572	0.007	Manual	5949851.463	1.199
890	11:08:35	0.058	17.572	0.007	Manual	5949851.040	1.199
891	11:08:36	0.059	17.572	0.007	Manual	5949850.607	1.199
892	11:08:37	0.059	17.572	0.007	Manual	5949850.178	1.199
893	11:08:38	0.059	17.572	0.007	Manual	5949849.752	1.199
894	11:08:39	0.059	17.572	0.007	Manual	5949849.315	1.199
895	11:08:40	0.059	17.572	0.007	Manual	5949848.882	1.199
896	11:08:41	0.059	17.572	0.007	Manual	5949848.456	1.199
897	11:08:42	0.059	17.572	0.007	Manual	5949848.023	1.199
898	11:08:43	0.059	17.572	0.007	Manual	5949847.593	1.199
899	11:08:44	0.059	17.572	0.007	Manual	5949847.160	1.199
900	11:08:45	0.059	17.572	0.007	Manual	5949846.727	1.199
901	11:08:46	0.059	17.572	0.008	Manual	5949846.298	1.199
902	11:08:47	0.060	17.572	0.008	Manual	5949845.858	1.199
903	11:08:48	0.060	17.572	0.008	Manual	5949845.418	1.199
904	11:08:49	0.060	17.572	0.008	Manual	5949844.971	1.199
905	11:08:50	0.061	17.572	0.008	Manual	5949844.534	1.200
906	11:08:51	0.061	17.572	0.008	Manual	5949844.094	1.200
907	11:08:52	0.060	17.572	0.008	Manual	5949843.657	1.200
908	11:08:53	0.060	17.572	0.008	Manual	5949843.221	1.200
909	11:08:54	0.060	17.572	0.008	Manual	5949842.784	1.200
910	11:08:55	0.060	17.743	0.008	Manual	5949842.355	1.200
911	11:08:56	0.060	18.112	0.008	Manual	5949841.915	1.200
912	11:08:57	0.060	18.258	0.008	Manual	5949841.485	1.200
913	11:08:58	0.059	18.258	0.008	Manual	5949841.059	1.200
914	11:08:59	0.059	18.258	0.008	Manual	5949840.636	1.200
915	11:09:00	0.059	18.258	0.008	Manual	5949840.207	1.200
916	11:09:01	0.059	18.258	0.008	Manual	5949839.774	1.200
917	11:09:02	0.059	18.258	0.008	Manual	5949839.334	1.200
918	11:09:03	0.060	18.258	0.009	Manual	5949838.883	1.200
919	11:09:04	0.061	18.258	0.009	Manual	5949838.429	1.200
920	11:09:05	0.062	18.258	0.009	Manual	5949837.958	1.200
921	11:09:06	0.064	18.258	0.009	Manual	5949837.476	1.200
922	11:09:07	0.065	18.258	0.009	Manual	5949836.987	1.200
923	11:09:08	0.067	18.258	0.009	Manual	5949836.487	1.200
924	11:09:09	0.068	18.258	0.009	Manual	5949835.967	1.200
925	11:09:10	0.070	18.258	0.009	Manual	5949835.433	1.200
926	11:09:11	0.072	18.258	0.009	Manual	5949834.884	1.200
927	11:09:12	0.074	18.258	0.009	Manual	5949834.322	1.200
928	11:09:13	0.076	18.258	0.009	Manual	5949833.739	1.200
929	11:09:14	0.079	18.258	0.009	Manual	5949833.135	1.200
930	11:09:15	0.081	18.258	0.009	Manual	5949832.516	1.200
931	11:09:16	0.084	18.258	0.009	Manual	5949831.888	1.200
932	11:09:17	0.086	18.258	0.010	Manual	5949831.231	1.200
933	11:09:18	0.088	18.258	0.010	Manual	5949830.564	1.200
934	11:09:19	0.091	18.258	0.010	Manual	5949829.873	1.200
935	11:09:20	0.094	18.258	0.010	Manual	5949829.157	1.200
936	11:09:21	0.096	18.258	0.010	Manual	5949828.420	1.200
937	11:09:22	0.099	18.258	0.010	Manual	5949827.669	1.200
938	11:09:23	0.103	18.258	0.010	Manual	5949826.883	1.200
939	11:09:24	0.106	18.258	0.010	Manual	5949826.073	1.200
940	11:09:25	0.109	18.258	0.010	Manual	5949825.238	1.200
941	11:09:26	0.113	18.258	0.010	Manual	5949824.376	1.200
942	11:09:27	0.116	18.258	0.011	Manual	5949823.488	1.200
943	11:09:28	0.120	18.258	0.011	Manual	5949822.570	1.200
944	11:09:29	0.124	18.258	0.011	Manual	5949821.627	1.200
945	11:09:30	0.127	18.258	0.011	Manual	5949820.663	1.200
946	11:09:31	0.131	18.258	0.011	Manual	5949819.671	1.200
947	11:09:32	0.134	18.258	0.011	Manual	5949818.655	1.200
948	11:09:33	0.138	18.258	0.011	Manual	5949817.614	1.200
949	11:09:34	0.141	18.258	0.011	Manual	5949816.545	1.201
950	11:09:35	0.145	18.258	0.012	Manual	5949815.449	1.201
951	11:09:36	0.148	18.258	0.012	Manual	5949814.328	1.201
952	11:09:37	0.152	18.258	0.012	Manual	5949813.175	1.201
953	11:09:38	0.156	18.258	0.012	Manual	5949811.998	1.201
954	11:09:39	0.160	18.258	0.012	Manual	5949810.790	1.201
955	11:09:40	0.164	18.258	0.012	Manual	5949809.550	1.201
956	11:09:41	0.168	18.258	0.013	Manual	5949808.293	1.201
957	11:09:42	0.172	18.258	0.013	Manual	5949807.001	1.201
958	11:09:43	0.175	18.258	0.013	Manual	5949805.687	1.201
959	11:09:44	0.178	18.258	0.013	Manual	5949804.350	1.201
960	11:09:45	0.182	18.258	0.013	Manual	5949802.991	1.201
961	11:09:46	0.185	18.258	0.013	Manual	5949801.601	1.201
962	11:09:47	0.189	18.258	0.014	Manual	5949800.183	1.201
963	11:09:48	0.192	18.258	0.014	Manual	5949798.748	1.201
964	11:09:49	0.196	18.258	0.014	Manual	5949797.281	1.201
965	11:09:50	0.199	18.258	0.014	Manual	5949795.797	1.201
966	11:09:51	0.202	18.258	0.014	Manual	5949794.288	1.201
967	11:09:52	0.206	18.258	0.015	Manual	5949792.751	1.201
968	11:09:53	0.209	18.258	0.015	Manual	5949791.180	1.201
969	11:09:54	0.213	18.258	0.015	Manual	5949789.580	1.201
970	11:09:55	0.217	18.258	0.015	Manual	5949787.956	1.201
971	11:09:56	0.221	18.258	0.015	Manual	5949786.301	1.201
972	11:09:57	0.225	18.258	0.016	Manual	5949784.614	1.202
973	11:09:58	0.229	18.258	0.016	Manual	5949782.906	1.202
974	11:09:59	0.233	18.258	0.016	Manual	5949781.174	1.202
975	11:10:00	0.236	18.258	0.016	Manual	5949779.410	1.202
976	11:10:01	0.240	18.258	0.017	Manual	5949777.619	1.202
977	11:10:02	0.244	18.258	0.017	Manual	5949775.806	1.202
978	11:10:03	0.247	18.258	0.017	Manual	5949773.976	1.202
979	11:10:04	0.250	18.258	0.017	Manual	5949772.121	1.202
980	11:10:05	0.253	18.258	0.018	Manual	5949770.246	1.202
981	11:10:06	0.256	18.258	0.018	Manual	5949768.350	1.202
982	11:10:07	0.259	18.258	0.018	Manual	5949766.422	1.202
983	11:10:08	0.263	18.258	0.018	Manual	5949764.469	1.202
984	11:10:09	0.266	18.258	0.019	Manual	5949762.503	1.202
985	11:10:10	0.269	18.258	0.019	Manual	5949760.512	1.202
986	11:10:11	0.271	18.258	0.019	Manual	5949758.511	1.202
987	11:10:12	0.274	18.258	0.019	Manual	5949756.496	1.202
988	11:10:13	0.276	18.258	0.020	Manual	5949754.464	1.202
989	11:10:14	0.278	18.258	0.020	Manual	5949752.413	1.202
990	11:10:15	0.280	18.258	0.020	Manual	5949750.356	1.202
991	11:10:16	0.282	18.258	0.021	Manual	5949748.282	1.203
992	11:10:17	0.284	18.258	0.021	Manual	5949746.197	1.203
993	11:10:18	0.285	18.258	0.021	Manual	5949744.101	1.203
994	11:10:19	0.287	18.258	0.021	Manual	5949741.988	1.203
995	11:10:20	0.289	18.258	0.022	Manual	5949739.862	1.203
996	11:10:21	0.291	18.258	0.022	Manual	5949737.724	1.203
997	11:10:22	0.293	18.258	0.022	Manual	5949735.573	1.203
998	11:10:23	0.294	18.258	0.023	Manual	5949733.407	1.203
999	11:10:24	0.296	18.258	0.023	Manual	5949731.235	1.203
1000	11:10:25	0.297	18.258	0.023	Manual	5949729.059	1.203
1001	11:10:26	0.299	18.258	0.023	Manual	5949726.866	1.203
1002	11:10:27	0.300	18.258	0.024	Manual	5949724.652	1.203
1003	11:10:28	0.302	18.258	0.024	Manual	5949722.431	1.203
1004	11:10:29	0.304	18.258	0.024	Manual	5949720.195	1.203
1005	11:10:30	0.306	18.258	0.025	Manual	5949717.950	1.203
1006	11:10:31	0.308	18.258	0.025	Manual	5949715.690	1.203
1007	11:10:32	0.309	18.258	0.025	Manual	5949713.424	1.203
1008	11:10:33	0.311	18.258	0.026	Manual	5949711.136	1.204
1009	11:10:34	0.313	18.520	0.026	Manual	5949708.838	1.204
1010	11:10:35	0.315	18.626	0.026	Manual	5949706.523	1.204
1011	11:10:36	0.317	18.626	0.027	Manual	5949704.190	1.204
1012	11:10:37	0.319	18.626	0.027	Manual	5949701.850	1.204
1013	11:10:38	0.321	18.626	0.027	Manual	5949699.485	1.204
1014	11:10:39	0.324	18.626	0.027	Manual	5949697.093	1.204
1015	11:10:40	0.326	18.626	0.028	Manual	5949694.676	1.204
1016	11:10:41	0.330	18.626	0.028	Manual	5949692.224	1.204
1017	11:10:42	0.335	18.626	0.028	Manual	5949689.738	1.204
1018	11:10:43	0.339	18.626	0.029	Manual	5949687.216	1.204
1019	11:10:44	0.344	18.626	0.029	Manual	5949684.660	1.204
1020	11:10:45	0.349	18.626	0.029	Manual	5949682.065	1.204
1021	11:10:46	0.353	18.626	0.030	Manual	5949679.438	1.204
1022	11:10:47	0.358	18.626	0.030	Manual	5949676.784	1.204
1023	11:10:48	0.363	18.626	0.031	Manual	5949674.095	1.205
1024	11:10:49	0.367	18.626	0.031	Manual	5949671.374	1.205
1025	11:10:50	0.371	18.626	0.031	Manual	5949668.615	1.205
1026	11:10:51	0.377	18.626	0.032	Manual	5949665.804	1.205
1027	11:10:52	0.383	18.626	0.032	Manual	5949662.947	1.205
1028	11:10:53	0.388	18.626	0.032	Manual	5949660.055	1.205
1029	11:10:54	0.394	18.626	0.033	Manual	5949657.132	1.205
1030	11:10:55	0.399	18.626	0.033	Manual	5949654.167	1.205
1031	11:10:56	0.405	18.626	0.034	Manual	5949651.160	1.205
1032	11:10:57	0.410	18.626	0.034	Manual	5949648.104	1.205
1033	11:10:58	0.417	18.626	0.034	Manual	5949644.989	1.205
1034	11:10:59	0.423	18.626	0.035	Manual	5949641.832	1.205
1035	11:11:00	0.431	18.626	0.035	Manual	5949638.612	1.206
1036	11:11:01	0.438	18.626	0.036	Manual	5949635.353	1.206
1037	11:11:02	0.444	18.626	0.036	Manual	5949632.053	1.206
1038	11:11:03	0.450	18.626	0.037	Manual	5949628.717	1.206
1039	11:11:04	0.456	18.626	0.037	Manual	5949625.333	1.206
1040	11:11:05	0.462	18.626	0.038	Manual	5949621.893	1.206
1041	11:11:06	0.469	18.626	0.038	Manual	5949618.401	1.206
1042	11:11:07	0.475	18.626	0.038	Manual	5949614.863	1.206
1043	11:11:08	0.482	18.626	0.039	Manual	5949611.276	1.206
1044	11:11:09	0.489	18.626	0.039	Manual	5949607.647	1.206
1045	11:11:10	0.495	18.626	0.040	Manual	5949603.973	1.207
1046	11:11:11	0.502	18.626	0.040	Manual	5949600.240	1.207
1047	11:11:12	0.508	18.626	0.041	Manual	5949596.468	1.207
1048	11:11:13	0.515	18.626	0.041	Manual	5949592.647	1.207
1049	11:11:14	0.522	18.626	0.042	Manual	5949588.771	1.207
1050	11:11:15	0.528	18.626	0.042	Manual	5949584.849	1.207
1051	11:11:16	0.535	18.626	0.043	Manual	5949580.885	1.207
1052	11:11:17	0.542	18.626	0.044	Manual	5949576.868	1.207
1053	11:11:18	0.548	18.626	0.044	Manual	5949572.803	1.207
1054	11:11:19	0.554	18.626	0.045	Manual	5949568.693	1.208
1055	11:11:20	0.561	18.626	0.045	Manual	5949564.533	1.208
1056	11:11:21	0.567	18.626	0.046	Manual	5949560.339	1.208
1057	11:11:22	0.573	18.626	0.046	Manual	5949556.113	1.208
1058	11:11:23	0.578	18.626	0.047	Manual	5949551.848	1.208
1059	11:11:24	0.583	18.626	0.048	Manual	5949547.546	1.208
1060	11:11:25	0.588	18.626	0.048	Manual	5949543.205	1.208
1061	11:11:26	0.593	18.626	0.049	Manual	5949538.829	1.208
1062	11:11:27	0.598	18.626	0.049	Manual	5949534.421	1.208
1063	11:11:28	0.603	18.626	0.050	Manual	5949529.989	1.209
1064	11:11:29	0.607	18.626	0.050	Manual	5949525.526	1.209
1065	11:11:30	0.611	18.626	0.051	Manual	5949521.031	1.209
1066	11:11:31	0.614	18.626	0.052	Manual	5949516.519	1.209
1067	11:11:32	0.618	18.626	0.052	Manual	5949511.972	1.209
1068	11:11:33	0.622	18.626	0.053	Manual	5949507.396	1.209
1069	11:11:34	0.626	18.626	0.054	Manual	5949502.797	1.209
1070	11:11:35	0.630	18.626	0.054	Manual	5949498.166	1.209
1071	11:11:36	0.634	18.626	0.055	Manual	5949493.510	1.210
1072	11:11:37	0.637	18.626	0.055	Manual	5949488.831	1.210
1073	11:11:38	0.641	18.626	0.056	Manual	5949484.130	1.210
1074	11:11:39	0.643	18.626	0.057	Manual	5949479.425	1.210
1075	11:11:40	0.645	18.626	0.057	Manual	5949474.721	1.210
1076	11:11:41	0.646	18.626	0.058	Manual	5949469.999	1.210
1077	11:11:42	0.648	18.626	0.059	Manual	5949465.256	1.210
1078	11:11:43	0.649	18.626	0.059	Manual	5949460.503	1.210
1079	11:11:44	0.652	18.626	0.060	Manual	5949455.736	1.211
1080	11:11:45	0.653	18.626	0.061	Manual	5949450.962	1.211
1081	11:11:46	0.654	18.626	0.061	Manual	5949446.188	1.211
1082	11:11:47	0.655	18.626	0.062	Manual	5949441.417	1.211
1083	11:11:48	0.656	18.626	0.063	Manual	5949436.636	1.211
1084	11:11:49	0.656	18.626	0.063	Manual	5949431.841	1.211
1085	11:11:50	0.657	18.626	0.064	Manual	5949427.035	1.211
1086	11:11:51	0.659	18.626	0.065	Manual	5949422.222	1.212
1087	11:11:52	0.660	18.626	0.065	Manual	5949417.396	1.212
1088	11:11:53	0.662	18.626	0.066	Manual	5949412.566	1.212
1089	11:11:54	0.663	18.626	0.067	Manual	5949407.725	1.212
1090	11:11:55	0.664	18.733	0.067	Manual	5949402.874	1.212
1091	11:11:56	0.665	18.879	0.068	Manual	5949398.006	1.212
1092	11:11:57	0.667	18.990	0.069	Manual	5949393.123	1.212
1093	11:11:58	0.670	18.990	0.069	Manual	5949388.206	1.213
1094	11:11:59	0.674	18.990	0.070	Manual	5949383.246	1.213
1095	11:12:00	0.678	18.990	0.071	Manual	5949378.242	1.213
1096	11:12:01	0.685	18.990	0.071	Manual	5949373.174	1.213
1097	11:12:02	0.692	18.990	0.072	Manual	5949368.037	1.213
1098	11:12:03	0.701	18.990	0.073	Manual	5949362.819	1.213
1099	11:12:04	0.711	18.990	0.073	Manual	5949357.518	1.213
1100	11:12:05	0.722	18.990	0.074	Manual	5949352.129	1.214
1101	11:12:06	0.734	18.990	0.075	Manual	5949346.652	1.214
1102	11:12:07	0.746	18.990	0.076	Manual	5949341.086	1.214
1103	11:12:08	0.758	18.990	0.076	Manual	5949335.431	1.214
1104	11:12:09	0.771	18.990	0.077	Manual	5949329.676	1.214
1105	11:12:10	0.783	18.990	0.078	Manual	5949323.826	1.214
1106	11:12:11	0.796	18.990	0.079	Manual	5949317.882	1.215
1107	11:12:12	0.810	18.990	0.079	Manual	5949311.836	1.215
1108	11:12:13	0.824	18.990	0.080	Manual	5949305.679	1.215
1109	11:12:14	0.838	18.990	0.081	Manual	5949299.406	1.215
1110	11:12:15	0.853	18.990	0.082	Manual	5949293.019	1.215
1111	11:12:16	0.869	18.990	0.083	Manual	5949286.512	1.215
1112	11:12:17	0.885	18.990	0.084	Manual	5949279.905	1.216
1113	11:12:18	0.899	18.990	0.085	Manual	5949273.210	1.216
1114	11:12:19	0.913	18.990	0.085	Manual	5949266.417	1.216
1115	11:12:20	0.926	18.990	0.086	Manual	5949259.523	1.216
1116	11:12:21	0.940	18.990	0.087	Manual	5949252.524	1.216
1117	11:12:22	0.953	18.990	0.088	Manual	5949245.431	1.217
1118	11:12:23	0.966	18.990	0.089	Manual	5949238.257	1.217
1119	11:12:24	0.979	18.990	0.090	Manual	5949231.003	1.217
1120	11:12:25	0.991	18.990	0.091	Manual	5949223.659	1.217
1121	11:12:26	1.003	18.990	0.092	Manual	5949216.213	1.218
1122	11:12:27	1.016	18.990	0.093	Manual	5949208.665	1.218
1123	11:12:28	1.029	18.990	0.094	Manual	5949201.024	1.218
1124	11:12:29	1.042	18.990	0.095	Manual	5949193.302	1.218
1125	11:12:30	1.055	18.990	0.096	Manual	5949185.479	1.218
1126	11:12:31	1.068	18.990	0.097	Manual	5949177.544	1.219
1127	11:12:32	1.082	18.990	0.098	Manual	5949169.504	1.219
1128	11:12:33	1.095	18.990	0.100	Manual	5949161.388	1.219
1129	11:12:34	1.108	18.990	0.101	Manual	5949153.191	1.219
1130	11:12:35	1.120	18.990	0.102	Manual	5949144.911	1.220
1131	11:12:36	1.131	18.990	0.103	Manual	5949136.553	1.220
1132	11:12:37	1.143	18.990	0.104	Manual	5949128.091	1.220
1133	11:12:38	1.156	18.990	0.105	Manual	5949119.520	1.220
1134	11:12:39	1.169	18.990	0.106	Manual	5949110.863	1.221
1135	11:12:40	1.182	18.940	0.107	Manual	5949102.128	1.221
1136	11:12:41	1.194	18.732	0.109	Manual	5949093.309	1.221
1137	11:12:42	1.205	18.732	0.110	Manual	5949084.425	1.221
1138	11:12:43	1.215	18.732	0.111	Manual	5949075.463	1.222
1139	11:12:44	1.224	18.732	0.112	Manual	5949066.456	1.222
1140	11:12:45	1.233	18.732	0.114	Manual	5949057.393	1.222
1141	11:12:46	1.239	18.732	0.115	Manual	5949048.320	1.222
1142	11:12:47	1.243	18.621	0.116	Manual	5949039.232	1.223
1143	11:12:48	1.246	18.621	0.117	Manual	5949030.155	1.223
1144	11:12:49	1.245	18.621	0.118	Manual	5949021.110	1.223
1145	11:12:50	1.244	18.621	0.120	Manual	5949012.085	1.223
1146	11:12:51	1.240	18.621	0.121	Manual	5949003.092	1.224
1147	11:12:52	1.236	18.621	0.122	Manual	5948994.138	1.224
1148	11:12:53	1.231	18.621	0.123	Manual	5948985.246	1.224
1149	11:12:54	1.224	18.621	0.125	Manual	5948976.417	1.224
1150	11:12:55	1.216	18.621	0.126	Manual	5948967.651	1.225
1151	11:12:56	1.208	18.621	0.127	Manual	5948958.948	1.225
1152	11:12:57	1.200	18.621	0.128	Manual	5948950.293	1.225
1153	11:12:58	1.191	18.621	0.130	Manual	5948941.709	1.225
1154	11:12:59	1.182	18.621	0.131	Manual	5948933.212	1.226
1155	11:13:00	1.172	18.621	0.132	Manual	5948924.795	1.226
1156	11:13:01	1.162	18.621	0.133	Manual	5948916.451	1.226
1157	11:13:02	1.151	18.621	0.134	Manual	5948908.167	1.226
1158	11:13:03	1.142	18.621	0.135	Manual	5948899.939	1.227
1159	11:13:04	1.134	18.621	0.136	Manual	5948891.753	1.227
1160	11:13:05	1.127	18.621	0.138	Manual	5948883.605	1.227
1161	11:13:06	1.121	18.621	0.139	Manual	5948875.502	1.227
1162	11:13:07	1.117	18.621	0.140	Manual	5948867.407	1.228
1163	11:13:08	1.113	18.621	0.141	Manual	5948859.315	1.228
1164	11:13:09	1.111	18.621	0.142	Manual	5948851.237	1.228
1165	11:13:10	1.110	18.621	0.143	Manual	5948843.162	1.228
1166	11:13:11	1.109	18.621	0.144	Manual	5948835.087	1.228
1167	11:13:12	1.108	18.621	0.145	Manual	5948827.034	1.229
1168	11:13:13	1.107	18.621	0.147	Manual	5948818.994	1.229
1169	11:13:14	1.105	18.621	0.148	Manual	5948810.972	1.229
1170	11:13:15	1.102	18.621	0.149	Manual	5948802.967	1.229
1171	11:13:16	1.100	18.621	0.150	Manual	5948794.980	1.230
1172	11:13:17	1.097	18.621	0.151	Manual	5948787.024	1.230
1173	11:13:18	1.094	18.621	0.001	Manual	5948779.100	1.230
1174	11:13:19	1.089	18.621	0.002	Manual	5948771.238	1.230
1175	11:13:20	1.083	18.621	0.003	Manual	5948763.429	1.230
1176	11:13:21	1.077	18.621	0.004	Manual	5948755.655	1.231
1177	11:13:22	1.071	18.621	0.005	Manual	5948747.895	1.231
1178	11:13:23	1.066	18.621	0.006	Manual	5948740.194	1.231
1179	11:13:24	1.061	18.621	0.007	Manual	5948732.528	1.231
1180	11:13:25	1.055	18.621	0.009	Manual	5948724.921	1.231
1181	11:13:26	1.048	18.621	0.010	Manual	5948717.350	1.232
1182	11:13:27	1.043	18.621	0.011	Manual	5948709.813	1.232
1183	11:13:28	1.039	18.621	0.012	Manual	5948702.269	1.232
1184	11:13:29	1.036	18.621	0.013	Manual	5948694.743	1.232
1185	11:13:30	1.034	18.621	0.014	Manual	5948687.231	1.233
1186	11:13:31	1.032	18.621	0.015	Manual	5948679.753	1.233
1187	11:13:32	1.029	18.621	0.016	Manual	5948672.297	1.233
1188	11:13:33	1.026	18.621	0.017	Manual	5948664.861	1.233
1189	11:13:34	1.017	18.621	0.018	Manual	5948657.608	1.233
1190	11:13:35	1.014	18.621	0.019	Manual	5948650.207	1.234
1191	11:13:36	1.012	18.621	0.020	Manual	5948642.821	1.234
1192	11:13:37	1.009	18.621	0.021	Manual	5948635.455	1.234
1193	11:13:38	1.012	18.621	0.022	Manual	5948628.114	1.234
1194	11:13:39	1.010	18.621	0.023	Manual	5948620.794	1.234
1195	11:13:40	1.006	18.621	0.024	Manual	5948613.498	1.235
1196	11:13:41	1.004	18.621	0.025	Manual	5948606.213	1.235
1197	11:13:42	1.000	18.621	0.026	Manual	5948598.983	1.235
1198	11:13:43	0.996	18.621	0.027	Manual	5948591.778	1.235
1199	11:13:44	0.992	18.621	0.028	Manual	5948584.601	1.235
1200	11:13:45	0.988	18.621	0.029	Manual	5948577.438	1.236
1201	11:13:46	0.985	18.621	0.030	Manual	5948570.282	1.236
1202	11:13:47	0.983	18.621	0.031	Manual	5948563.130	1.236
1203	11:13:48	0.981	18.621	0.032	Manual	5948556.009	1.236
1204	11:13:49	0.979	18.621	0.033	Manual	5948548.905	1.236
1205	11:13:50	0.976	18.621	0.034	Manual	5948541.836	1.237
1206	11:13:51	0.973	18.621	0.035	Manual	5948534.781	1.237
1207	11:13:52	0.971	18.621	0.036	Manual	5948527.730	1.237
1208	11:13:53	0.968	18.621	0.037	Manual	5948520.693	1.237
1209	11:13:54	0.967	18.621	0.038	Manual	5948513.662	1.237
1210	11:13:55	0.966	18.621	0.039	Manual	5948506.650	1.238
1211	11:13:56	0.963	18.621	0.040	Manual	5948499.661	1.238
1212	11:13:57	0.961	18.621	0.041	Manual	5948492.704	1.238
1213	11:13:58	0.958	18.621	0.042	Manual	5948485.761	1.238
1214	11:13:59	0.954	18.621	0.042	Manual	5948478.843	1.238
1215	11:14:00	0.952	18.621	0.043	Manual	5948471.917	1.238
1216	11:14:01	0.951	18.621	0.044	Manual	5948464.995	1.239
1217	11:14:02	0.951	18.621	0.045	Manual	5948458.066	1.239
1218	11:14:03	0.951	18.621	0.046	Manual	5948451.137	1.239
1219	11:14:04	0.951	18.621	0.047	Manual	5948444.201	1.239
1220	11:14:05	0.952	18.621	0.048	Manual	5948437.268	1.239
1221	11:14:06	0.951	18.621	0.049	Manual	5948430.350	1.240
1222	11:14:07	0.952	18.621	0.050	Manual	5948423.410	1.240
1223	11:14:08	0.952	18.621	0.051	Manual	5948416.478	1.240
1224	11:14:09	0.951	18.621	0.052	Manual	5948409.559	1.240
1225	11:14:10	0.951	18.621	0.053	Manual	5948402.644	1.240
1226	11:14:11	0.950	18.621	0.054	Manual	5948395.733	1.241
1227	11:14:12	0.949	18.621	0.055	Manual	5948388.817	1.241
1228	11:14:13	0.950	18.621	0.056	Manual	5948381.892	1.241
1229	11:14:14	0.950	18.621	0.057	Manual	5948374.959	1.241
1230	11:14:15	0.951	18.621	0.058	Manual	5948368.041	1.241
1231	11:14:16	0.951	18.621	0.059	Manual	5948361.108	1.242
1232	11:14:17	0.951	18.621	0.060	Manual	5948354.190	1.242
1233	11:14:18	0.950	18.621	0.061	Manual	5948347.278	1.242
1234	11:14:19	0.950	18.621	0.061	Manual	5948340.356	1.242
1235	11:14:20	0.950	18.621	0.062	Manual	5948333.431	1.242
1236	11:14:21	0.951	18.621	0.063	Manual	5948326.495	1.242
1237	11:14:22	0.952	18.621	0.064	Manual	5948319.534	1.243
1238	11:14:23	0.954	18.621	0.065	Manual	5948312.563	1.243
1239	11:14:24	0.955	18.621	0.066	Manual	5948305.596	1.243
1240	11:14:25	0.957	18.621	0.067	Manual	5948298.614	1.243
1241	11:14:26	0.958	18.621	0.068	Manual	5948291.626	1.243
1242	11:14:27	0.959	18.621	0.069	Manual	5948284.627	1.244
1243	11:14:28	0.960	18.621	0.070	Manual	5948277.614	1.244
1244	11:14:29	0.962	18.621	0.071	Manual	5948270.591	1.244
1245	11:14:30	0.963	18.621	0.072	Manual	5948263.571	1.244
1246	11:14:31	0.963	18.621	0.073	Manual	5948256.565	1.244
1247	11:14:32	0.963	18.621	0.074	Manual	5948249.570	1.245
1248	11:14:33	0.961	18.621	0.075	Manual	5948242.585	1.245
1249	11:14:34	0.960	18.621	0.076	Manual	5948235.600	1.245
1250	11:14:35	0.959	18.621	0.077	Manual	5948228.632	1.245
1251	11:14:36	0.957	18.621	0.078	Manual	5948221.675	1.245
1252	11:14:37	0.956	18.621	0.079	Manual	5948214.725	1.246
1253	11:14:38	0.955	18.621	0.080	Manual	5948207.768	1.246
1254	11:14:39	0.954	18.621	0.081	Manual	5948200.825	1.246
1255	11:14:40	0.954	18.621	0.082	Manual	5948193.868	1.246
1256	11:14:41	0.955	18.621	0.083	Manual	5948186.908	1.246
1257	11:14:42	0.956	18.621	0.084	Manual	5948179.906	1.247
1258	11:14:43	0.959	18.621	0.084	Manual	5948172.875	1.247
1259	11:14:44	0.963	18.621	0.085	Manual	5948165.810	1.247
1260	11:14:45	0.968	18.621	0.086	Manual	5948158.703	1.247
1261	11:14:46	0.973	18.621	0.087	Manual	5948151.550	1.247
1262	11:14:47	0.979	18.621	0.088	Manual	5948144.366	1.248
1263	11:14:48	0.985	18.621	0.089	Manual	5948137.123	1.248
1264	11:14:49	0.991	18.621	0.090	Manual	5948129.838	1.248
1265	11:14:50	0.996	18.621	0.091	Manual	5948122.521	1.248
1266	11:14:51	1.002	18.621	0.092	Manual	5948115.169	1.248
1267	11:14:52	1.006	18.621	0.093	Manual	5948107.818	1.249
1268	11:14:53	1.009	18.621	0.094	Manual	5948100.456	1.249
1269	11:14:54	1.010	18.621	0.095	Manual	5948093.083	1.249
1270	11:14:55	1.011	18.621	0.096	Manual	5948085.714	1.249
1271	11:14:56	1.011	18.621	0.097	Manual	5948078.352	1.250
1272	11:14:57	1.011	18.621	0.098	Manual	5948071.014	1.250
1273	11:14:58	1.009	18.621	0.099	Manual	5948063.690	1.250
1274	11:14:59	1.006	18.621	0.100	Manual	5948056.398	1.250
1275	11:15:00	1.003	18.621	0.001	Manual	5948049.134	1.250
1276	11:15:01	0.999	18.571	0.002	Manual	5948041.908	1.251
1277	11:15:02	0.996	18.313	0.003	Manual	5948034.686	1.251
1278	11:15:03	0.991	17.947	0.004	Manual	5948027.523	1.251
1279	11:15:04	0.985	17.025	0.005	Manual	5948020.433	1.251
1280	11:15:05	0.977	15.733	0.006	Manual	5948013.458	1.251
1281	11:15:06	0.961	12.512	0.007	Manual	5948006.690	1.251
1282	11:15:07	0.936	9.512	0.008	Manual	5948000.267	1.252
1283	11:15:08	0.895	5.512	0.009	Manual	5947994.355	1.252
1284	11:15:09	0.835	2.512	0.009	Manual	5947989.123	1.252
1285	11:15:10	0.757	0.000	0.010	Manual	5947984.635	1.252
1286	11:15:11	0.666	0.000	0.011	Manual	5947980.860	1.252
1287	11:15:12	0.570	0.000	0.012	Manual	5947977.738	1.252
1288	11:15:13	0.479	0.000	0.012	Manual	5947975.178	1.252
1289	11:15:14	0.395	0.000	0.013	Manual	5947973.117	1.252
1290	11:15:15	0.323	0.000	0.013	Manual	5947971.444	1.252
1291	11:15:16	0.262	0.000	0.013	Manual	5947970.106	1.252
1292	11:15:17	0.211	0.000	0.013	Manual	5947969.031	1.252
1293	11:15:18	0.170	0.000	0.014	Manual	5947968.158	1.252
1294	11:15:19	0.137	0.000	0.014	Manual	5947967.456	1.252
1295	11:15:20	0.111	0.000	0.014	Manual	5947966.886	1.252
1296	11:15:21	0.089	0.000	0.014	Manual	5947966.429	1.252
1297	11:15:22	0.072	0.000	0.014	Manual	5947966.055	1.252
1298	11:15:23	0.059	0.000	0.014	Manual	5947965.748	1.252
1299	11:15:24	0.048	0.000	0.014	Manual	5947965.496	1.252
1300	11:15:25	0.039	0.000	0.014	Manual	5947965.290	1.252
1301	11:15:26	0.032	0.000	0.014	Manual	5947965.109	1.252
1302	11:15:27	0.027	0.000	0.014	Manual	5947964.952	1.252
1303	11:15:28	0.023	0.000	0.014	Manual	5947964.812	1.252
1304	11:15:29	0.021	0.000	0.014	Manual	5947964.693	1.252
1305	11:15:30	0.018	0.000	0.014	Manual	5947964.581	1.252
1306	11:15:31	0.016	0.000	0.014	Manual	5947964.494	1.252
1307	11:15:32	0.015	0.000	0.014	Manual	5947964.389	1.252
1308	11:15:33	0.013	0.000	0.014	Manual	5947964.302	1.252
1309	11:15:34	0.012	0.000	0.014	Manual	5947964.218	1.252
1310	11:15:35	0.012	0.000	0.014	Manual	5947964.145	1.252
1311	11:15:36	0.011	0.000	0.014	Manual	5947964.072	1.252
1312	11:15:37	0.010	0.000	0.014	Manual	5947964.005	1.252
1313	11:15:38	0.009	0.000	0.014	Manual	5947963.946	1.252
1314	11:15:39	0.009	0.000	0.014	Manual	5947963.883	1.252
1315	11:15:40	0.008	0.000	0.014	Manual	5947963.831	1.252
1316	11:15:41	0.008	0.000	0.014	Manual	5947963.775	1.252
1317	11:15:42	0.007	0.000	0.014	Manual	5947963.729	1.252
1318	11:15:43	0.007	0.000	0.014	Manual	5947963.684	1.252
1319	11:15:44	0.007	0.000	0.014	Manual	5947963.635	1.252
1320	11:15:45	0.006	0.000	0.014	Manual	5947963.597	1.252
1321	11:15:46	0.006	0.000	0.014	Manual	5947963.558	1.252
1322	11:15:47	0.006	0.000	0.014	Manual	5947963.523	1.252
1323	11:15:48	0.005	0.000	0.015	Manual	5947963.485	1.252
1324	11:15:49	0.005	0.000	0.015	Manual	5947963.457	1.252
1325	11:15:50	0.005	0.000	0.015	Manual	5947963.418	1.252
1326	11:15:51	0.005	0.000	0.015	Manual	5947963.387	1.252
1327	11:15:52	0.004	0.000	0.015	Manual	5947963.356	1.252
1328	11:15:53	0.004	0.000	0.015	Manual	5947963.335	1.252
1329	11:15:54	0.004	0.000	0.015	Manual	5947963.300	1.252
1330	11:15:55	0.004	0.000	0.015	Manual	5947963.279	1.252
1331	11:15:56	0.003	0.000	0.015	Manual	5947963.261	1.252
1332	11:15:57	0.003	0.000	0.015	Manual	5947963.237	1.251
1333	11:15:58	0.003	0.000	0.015	Manual	5947963.216	1.251
1334	11:15:59	0.003	0.000	0.015	Manual	5947963.198	1.251
1335	11:16:00	0.003	0.000	0.015	Manual	5947963.174	1.251
1336	11:16:01	0.003	0.000	0.015	Manual	5947963.163	1.251
1337	11:16:02	0.002	0.000	0.015	Manual	5947963.146	1.251
1338	11:16:03	0.002	0.000	0.015	Manual	5947963.129	1.251
1339	11:16:04	0.002	0.000	0.015	Manual	5947963.115	1.251
1340	11:16:05	0.002	0.000	0.015	Manual	5947963.101	1.251
1341	11:16:06	0.002	0.000	0.015	Manual	5947963.083	1.251
1342	11:16:07	0.002	0.000	0.015	Manual	5947963.073	1.251
1343	11:16:08	0.002	0.000	0.015	Manual	5947963.059	1.251
1344	11:16:09	0.002	0.000	0.015	Manual	5947963.048	1.251
1345	11:16:10	0.002	0.000	0.015	Manual	5947963.034	1.251
1346	11:16:11	0.002	0.000	0.015	Manual	5947963.020	1.251
1347	11:16:12	0.001	0.000	0.015	Manual	5947963.017	1.251
1348	11:16:13	0.002	0.000	0.015	Manual	5947963.003	1.251
1349	11:16:14	0.001	0.000	0.015	Manual	5947962.996	1.251
1350	11:16:15	0.001	0.000	0.015	Manual	5947962.999	1.251
1351	11:16:16	0.001	0.000	0.015	Manual	5947962.982	1.251
1352	11:16:17	0.001	0.000	0.015	Manual	5947962.975	1.251
1353	11:16:18	0.001	0.000	0.015	Manual	5947962.971	1.251
1354	11:16:19	0.001	0.000	0.015	Manual	5947962.964	1.251
1355	11:16:20	0.001	0.000	0.015	Manual	5947962.954	1.251
1356	11:16:21	0.001	0.000	0.015	Manual	5947962.954	1.251
1357	11:16:22	0.001	0.000	0.015	Manual	5947962.947	1.251
1358	11:16:23	0.001	0.000	0.015	Manual	5947962.940	1.251
1359	11:16:24	0.001	0.000	0.015	Manual	5947962.933	1.251
1360	11:16:25	0.001	0.000	0.015	Manual	5947962.933	1.251
1361	11:16:26	0.001	0.000	0.015	Manual	5947962.923	1.251
1362	11:16:27	0.001	0.000	0.015	Manual	5947962.919	1.251
1363	11:16:28	0.000	0.000	0.015	Manual	5947962.923	1.251
1364	11:16:29	0.000	0.000	0.015	Manual	5947962.919	1.251
1365	11:16:30	0.000	0.000	0.015	Manual	5947962.916	1.251
1366	11:16:31	0.000	0.000	0.015	Manual	5947962.909	1.251
1367	11:16:32	0.000	0.000	0.015	Manual	5947962.912	1.251
1368	11:16:33	0.000	0.000	0.015	Manual	5947962.909	1.251
1369	11:16:34	0.000	0.000	0.015	Manual	5947962.909	1.251
1370	11:16:35	0.000	0.000	0.015	Manual	5947962.902	1.251
1371	11:16:36	0.000	0.000	0.015	Manual	5947962.898	1.251
1372	11:16:37	0.000	0.000	0.015	Manual	5947962.898	1.251
1373	11:16:38	0.000	0.000	0.015	Manual	5947962.909	1.251
1374	11:16:39	-0.000	0.000	0.015	Manual	5947962.909	1.251
1375	11:16:40	-0.000	0.000	0.015	Manual	5947962.909	1.251
1376	11:16:41	-0.000	0.000	0.015	Manual	5947962.909	1.251
1377	11:16:42	0.000	0.000	0.015	Manual	5947962.905	1.251
1378	11:16:43	0.000	0.000	0.015	Manual	5947962.905	1.251
1379	11:16:44	0.000	0.000	0.015	Manual	5947962.905	1.251
1380	11:16:45	0.000	0.000	0.015	Manual	5947962.902	1.251
1381	11:16:46	0.000	0.000	0.015	Manual	5947962.902	1.251
1382	11:16:47	0.000	0.000	0.015	Manual	5947962.898	1.251
1383	11:16:48	0.000	0.000	0.015	Manual	5947962.898	1.251
1384	11:16:49	0.000	0.000	0.015	Manual	5947962.902	1.251
1385	11:16:50	0.000	0.000	0.015	Manual	5947962.895	1.251
1386	11:16:51	-0.000	0.000	0.015	Manual	5947962.902	1.251
1387	11:16:52	-0.000	0.000	0.015	Manual	5947962.902	1.251
1388	11:16:53	-0.000	0.000	0.015	Manual	5947962.905	1.251
1389	11:16:54	-0.000	0.000	0.015	Manual	5947962.909	1.251
1390	11:16:55	-0.000	0.000	0.015	Manual	5947962.905	1.251
1391	11:16:56	0.000	0.000	0.015	Manual	5947962.902	1.251
1392	11:16:57	0.000	0.000	0.015	Manual	5947962.905	1.251
1393	11:16:58	0.000	0.000	0.015	Manual	5947962.909	1.251
1394	11:16:59	-0.000	0.000	0.015	Manual	5947962.912	1.251
1395	11:17:00	-0.000	0.000	0.015	Manual	5947962.909	1.251
1396	11:17:01	-0.000	0.000	0.015	Manual	5947962.912	1.251
1397	11:17:02	-0.000	0.000	0.015	Manual	5947962.912	1.251
1398	11:17:03	0.000	0.000	0.015	Manual	5947962.909	1.251
1399	11:17:04	0.000	0.000	0.015	Manual	5947962.909	1.251
1400	11:17:05	0.000	0.000	0.015	Manual	5947962.912	1.251
1401	11:17:06	0.000	0.000	0.015	Manual	5947962.912	1.251
1402	11:17:07	-0.000	0.000	0.015	Manual	5947962.916	1.251
1403	11:17:08	-0.000	0.000	0.015	Manual	5947962.919	1.251
1404	11:17:09	-0.000	0.000	0.015	Manual	5947962.919	1.251
1405	11:17:10	-0.000	0.000	0.015	Manual	5947962.923	1.251
1406	11:17:11	-0.000	0.000	0.015	Manual	5947962.926	1.251
1407	11:17:12	-0.000	0.000	0.015	Manual	5947962.929	1.251
1408	11:17:13	-0.000	0.000	0.015	Manual	5947962.926	1.251
1409	11:17:14	-0.000	0.000	0.015	Manual	5947962.929	1.251
1410	11:17:15	-0.000	0.000	0.015	Manual	5947962.933	1.251
1411	11:17:16	-0.000	0.000	0.015	Manual	5947962.936	1.251
1412	11:17:17	-0.000	0.000	0.015	Manual	5947962.940	1.251
1413	11:17:18	-0.000	0.000	0.015	Manual	5947962.940	1.251
1414	11:17:19	-0.000	0.000	0.015	Manual	5947962.943	1.251
1415	11:17:20	-0.000	0.000	0.015	Manual	5947962.943	1.251
1416	11:17:21	-0.000	0.000	0.015	Manual	5947962.947	1.251
1417	11:17:22	0.000	0.000	0.015	Manual	5947962.940	1.251
1418	11:17:23	0.000	0.000	0.015	Manual	5947962.943	1.251
1419	11:17:24	0.000	0.000	0.015	Manual	5947962.943	1.251
1420	11:17:25	0.000	0.000	0.015	Manual	5947962.943	1.251
1421	11:17:26	-0.000	0.000	0.015	Manual	5947962.947	1.251
1422	11:17:27	-0.000	0.000	0.015	Manual	5947962.950	1.251
1423	11:17:28	-0.000	0.000	0.015	Manual	5947962.950	1.251
1424	11:17:29	-0.000	0.000	0.015	Manual	5947962.954	1.251
1425	11:17:30	-0.000	0.000	0.015	Manual	5947962.950	1.251
1426	11:17:31	-0.000	0.000	0.015	Manual	5947962.957	1.251
1427	11:17:32	-0.000	0.000	0.015	Manual	5947962.957	1.251
1428	11:17:33	-0.000	0.000	0.015	Manual	5947962.957	1.251
1429	11:17:34	-0.000	0.000	0.015	Manual	5947962.964	1.251
1430	11:17:35	-0.000	0.000	0.015	Manual	5947962.961	1.251
1431	11:17:36	-0.000	0.000	0.015	Manual	5947962.968	1.251
1432	11:17:37	-0.000	0.000	0.015	Manual	5947962.968	1.251
1433	11:17:38	-0.000	0.000	0.015	Manual	5947962.968	1.251
1434	11:17:39	-0.000	0.000	0.015	Manual	5947962.975	1.251
1435	11:17:40	-0.000	0.000	0.015	Manual	5947962.978	1.251
1436	11:17:41	-0.000	0.000	0.015	Manual	5947962.978	1.251
1437	11:17:42	-0.000	0.000	0.015	Manual	5947962.978	1.251
1438	11:17:43	-0.000	0.000	0.015	Manual	5947962.978	1.251
1439	11:17:44	-0.000	0.000	0.015	Manual	5947962.985	1.251
1440	11:17:45	-0.000	0.000	0.015	Manual	5947962.989	1.251
1441	11:17:46	-0.000	0.000	0.015	Manual	5947962.992	1.251
1442	11:17:47	-0.000	0.000	0.015	Manual	5947962.992	1.251
1443	11:17:48	-0.000	0.000	0.015	Manual	5947962.992	1.251
1444	11:17:49	-0.000	0.000	0.015	Manual	5947962.999	1.251
1445	11:17:50	-0.000	0.000	0.015	Manual	5947963.003	1.251
1446	11:17:51	-0.000	0.000	0.015	Manual	5947963.006	1.251
1447	11:17:52	-0.001	0.000	0.015	Manual	5947963.010	1.251
1448	11:17:53	-0.000	0.000	0.015	Manual	5947963.010	1.251
1449	11:17:54	-0.000	0.000	0.015	Manual	5947963.013	1.251
1450	11:17:55	-0.000	0.000	0.015	Manual	5947963.013	1.251
1451	11:17:56	-0.000	0.000	0.015	Manual	5947963.020	1.251
1452	11:17:57	-0.000	0.000	0.015	Manual	5947963.020	1.251
1453	11:17:58	-0.000	0.000	0.015	Manual	5947963.020	1.251
1454	11:17:59	-0.000	0.000	0.015	Manual	5947963.027	1.251
1455	11:18:00	-0.000	0.000	0.015	Manual	5947963.027	1.251
1456	11:18:01	-0.000	0.000	0.015	Manual	5947963.031	1.251
1457	11:18:02	-0.000	0.000	0.015	Manual	5947963.034	1.251
1458	11:18:03	-0.000	0.000	0.015	Manual	5947963.034	1.251
1459	11:18:04	-0.000	0.000	0.015	Manual	5947963.038	1.251
1460	11:18:05	-0.000	0.000	0.015	Manual	5947963.041	1.251
1461	11:18:06	-0.000	0.000	0.015	Manual	5947963.041	1.251
1462	11:18:07	-0.000	0.000	0.015	Manual	5947963.041	1.251
1463	11:18:08	-0.000	0.000	0.015	Manual	5947963.048	1.251
1464	11:18:09	-0.000	0.000	0.015	Manual	5947963.048	1.251
1465	11:18:10	-0.000	0.000	0.015	Manual	5947963.052	1.251
1466	11:18:11	-0.000	0.000	0.015	Manual	5947963.055	1.251
1467	11:18:12	-0.000	0.000	0.015	Manual	5947963.055	1.251
1468	11:18:13	-0.000	0.000	0.015	Manual	5947963.059	1.251
1469	11:18:14	-0.000	0.000	0.015	Manual	5947963.059	1.251
1470	11:18:15	-0.000	0.000	0.015	Manual	5947963.059	1.251
1471	11:18:16	-0.000	0.000	0.015	Manual	5947963.062	1.251
1472	11:18:17	-0.000	0.000	0.015	Manual	5947963.062	1.251
1473	11:18:18	-0.000	0.000	0.015	Manual	5947963.066	1.251
1474	11:18:19	-0.000	0.000	0.015	Manual	5947963.066	1.251
1475	11:18:20	-0.000	0.000	0.015	Manual	5947963.066	1.251
1476	11:18:21	-0.000	0.000	0.015	Manual	5947963.073	1.251
1477	11:18:22	-0.000	0.000	0.015	Manual	5947963.076	1.251
1478	11:18:23	-0.000	0.000	0.015	Manual	5947963.076	1.251
1479	11:18:24	-0.000	0.000	0.015	Manual	5947963.080	1.251
1480	11:18:25	-0.000	0.000	0.015	Manual	5947963.080	1.251
1481	11:18:26	-0.000	0.000	0.015	Manual	5947963.080	1.251
1482	11:18:27	-0.000	0.000	0.015	Manual	5947963.083	1.251
1483	11:18:28	-0.000	0.000	0.015	Manual	5947963.083	1.251
1484	11:18:29	-0.000	0.000	0.015	Manual	5947963.090	1.251
1485	11:18:30	-0.000	0.000	0.015	Manual	5947963.087	1.251
1486	11:18:31	-0.000	0.000	0.015	Manual	5947963.090	1.251
1487	11:18:32	-0.000	0.000	0.015	Manual	5947963.097	1.251
1488	11:18:33	-0.000	0.000	0.015	Manual	5947963.094	1.251
1489	11:18:34	-0.000	0.000	0.015	Manual	5947963.094	1.251
1490	11:18:35	-0.000	0.000	0.015	Manual	5947963.097	1.251
1491	11:18:36	0.000	0.000	0.015	Manual	5947963.097	1.251
1492	11:18:37	-0.000	0.000	0.015	Manual	5947963.101	1.251
1493	11:18:38	-0.000	0.000	0.015	Manual	5947963.104	1.251
1494	11:18:39	-0.000	0.000	0.015	Manual	5947963.108	1.251
1495	11:18:40	-0.000	0.000	0.015	Manual	5947963.108	1.251
1496	11:18:41	-0.000	0.000	0.015	Manual	5947963.111	1.251
1497	11:18:42	-0.000	0.000	0.015	Manual	5947963.111	1.251
1498	11:18:43	-0.000	0.000	0.015	Manual	5947963.111	1.251
1499	11:18:44	-0.000	0.000	0.015	Manual	5947963.111	1.251
1500	11:18:45	-0.000	0.000	0.015	Manual	5947963.115	1.251
1501	11:18:46	-0.000	0.000	0.015	Manual	5947963.115	1.251
1502	11:18:47	-0.000	0.000	0.015	Manual	5947963.115	1.251
1503	11:18:48	-0.000	0.000	0.015	Manual	5947963.118	1.251
1504	11:18:49	-0.000	0.000	0.015	Manual	5947963.118	1.251
1505	11:18:50	-0.000	0.000	0.015	Manual	5947963.122	1.251
1506	11:18:51	-0.000	0.000	0.015	Manual	5947963.122	1.251
1507	11:18:52	-0.000	0.000	0.015	Manual	5947963.125	1.251
1508	11:18:53	-0.000	0.000	0.015	Manual	5947963.125	1.251
1509	11:18:54	-0.000	0.000	0.015	Manual	5947963.129	1.251
1510	11:18:55	-0.000	0.000	0.015	Manual	5947963.129	1.251
1511	11:18:56	-0.000	0.000	0.015	Manual	5947963.139	1.251
1512	11:18:57	-0.000	0.000	0.015	Manual	5947963.136	1.251
1513	11:18:58	-0.000	0.000	0.015	Manual	5947963.136	1.251
1514	11:18:59	-0.000	0.000	0.015	Manual	5947963.139	1.251
1515	11:19:00	0.000	0.000	0.015	Manual	5947963.139	1.251
1516	11:19:01	-0.000	0.000	0.015	Manual	5947963.146	1.251
1517	11:19:02	-0.001	0.000	0.015	Manual	5947963.153	1.251
1518	11:19:03	-0.000	0.000	0.015	Manual	5947963.153	1.251
1519	11:19:04	-0.000	0.000	0.015	Manual	5947963.153	1.251
1520	11:19:05	-0.000	0.000	0.015	Manual	5947963.153	1.251
1521	11:19:06	-0.000	0.000	0.015	Manual	5947963.157	1.251
1522	11:19:07	-0.000	0.000	0.015	Manual	5947963.157	1.251
1523	11:19:08	-0.000	0.000	0.015	Manual	5947963.163	1.251
1524	11:19:09	-0.000	0.000	0.015	Manual	5947963.160	1.251
1525	11:19:10	-0.000	0.000	0.015	Manual	5947963.167	1.251
1526	11:19:11	-0.000	0.000	0.015	Manual	5947963.163	1.251
1527	11:19:12	0.000	0.000	0.015	Manual	5947963.160	1.251
1528	11:19:13	-0.000	0.000	0.015	Manual	5947963.167	1.251
1529	11:19:14	0.000	0.000	0.015	Manual	5947963.167	1.251
1530	11:19:15	-0.000	0.000	0.015	Manual	5947963.170	1.251
1531	11:19:16	-0.000	0.000	0.015	Manual	5947963.167	1.251
1532	11:19:17	-0.000	0.000	0.015	Manual	5947963.170	1.251
1533	11:19:18	-0.000	0.000	0.015	Manual	5947963.174	1.251
1534	11:19:19	-0.000	0.000	0.015	Manual	5947963.177	1.251
1535	11:19:20	-0.000	0.000	0.015	Manual	5947963.174	1.251
1536	11:19:21	-0.000	0.000	0.015	Manual	5947963.174	1.251
1537	11:19:22	0.000	0.000	0.015	Manual	5947963.174	1.251
1538	11:19:23	0.000	0.000	0.015	Manual	5947963.174	1.251
