	Pixel	Voltage(V)	Current(A)	J(mA/cm2)	PE(lm/W)	EQE(%)	L(cd/m2)	CE(cd/A)
0	A1-1	-0.999964	-2.14671e-05	-0.134169	-0.541554	-0.69353	-0.231276	0.1723766294747669
1	A1-1	-0.799981	-1.26559e-05	-0.0790994	-1.24133	0.0427764	-0.250028	0.31609342169472837
2	A1-1	-0.59996	-6.97369e-06	-0.0435856	-3.6004	0.118231	-0.299686	0.687580301751037
3	A1-1	-0.399951	-3.30885e-06	-0.0206803	-18.6815	6.98229	-0.491842	2.378311726619053
4	A1-1	-0.199997	-1.16432e-06	-0.007277	-211.983	-2.21091	-0.982035	13.495052906417481
5	A1-1	6.96182e-05	3.00348e-10	1.87718e-06	-597669000.0	-28021.8	-0.248621	-13244.38785838332
6	A1-1	0.20006	1.04263e-06	0.00651644	-88.9337	-34.9256	-0.369051	-5.663383688025978
7	A1-1	0.400002	2.89022e-06	0.0180639	23.888	2.54428	0.549419	3.04153034505284
8	A1-1	0.599996	6.02056e-06	0.0376285	-5.86602	1.89246	-0.42156	-1.1203210332593645
9	A1-1	0.800018	1.0967e-05	0.0685438	0.379134	1.62306	0.0661775	0.09654775486623152
10	A1-1	1.00001	1.76985e-05	0.110616	1.80449	-0.351239	0.635368	0.5743906848918783
11	A1-1	1.20001	2.68921e-05	0.168076	-0.354089	0.175209	-0.227328	-0.13525309978819106
12	A1-1	1.40002	3.79715e-05	0.237322	0.121213	0.0748421	0.128195	0.054017326670093804
13	A1-1	1.60002	5.24117e-05	0.327573	-0.0898133	-0.014211	-0.149839	-0.045742170447503304
14	A1-1	1.8	6.94326e-05	0.433954	0.0333758	-0.0503958	0.0829846	0.01912290242744623
15	A1-1	1.99999	8.99198e-05	0.561999	0.0891274	-0.0562083	0.318878	0.056739958612026
16	A1-1	2.20021	0.000116893	0.730581	-0.0252449	0.0657737	-0.129168	-0.017680175093521457
17	A1-1	2.40023	0.000144258	0.901612	-0.0903393	-0.037448	-0.622299	-0.06902070957351944
18	A1-1	2.60024	0.000178358	1.11474	-0.03521	-0.0119356	-0.324864	-0.029142580332633616
19	A1-1	2.8002	0.000215757	1.34848	-0.0386488	-0.00469616	-0.464537	-0.03444893509729473
20	A1-1	3.00013	0.000336737	2.10461	0.0123241	0.0158805	0.247694	0.011769116368353282
21	A1-1	3.20014	0.000395967	2.47479	0.0119145	-0.0582687	0.300355	0.012136585326431738
22	A1-1	3.40008	0.000504944	3.1559	0.0283101	-0.00564772	0.966949	0.030639405557844036
23	A1-1	3.60005	0.000601652	3.76033	0.0477606	0.00479979	2.05804	0.05473030292554111
24	A1-1	3.80008	0.000720203	4.50127	0.0449369	0.0225587	2.4467	0.054355770704712224
25	A1-1	4.00004	0.000847631	5.29769	0.0560771	0.00934203	3.78257	0.07140036506477351
26	A1-1	4.20006	0.000907007	5.66879	0.0837412	0.0498366	6.34651	0.1119552849902713
27	A1-1	4.39998	0.000998613	6.24133	0.0909563	0.041926	7.9508	0.12738951473484017
28	A1-1	4.6	0.00117422	7.33887	0.110027	0.0508496	11.8232	0.1611038211604784
29	A1-1	4.80033	0.0013788	8.6175	0.124337	0.0588318	16.372	0.18998549463301423
30	A1-1	5.00028	0.00162677	10.1673	0.126788	0.0905082	20.5177	0.20180087142112463
31	A1-1	5.20029	0.00192439	12.0274	0.133214	0.0822638	26.5216	0.22050983587475265
32	A1-1	5.40023	0.00227823	14.2389	0.134419	0.0994879	32.9005	0.2310606858675881
33	A1-1	5.60025	0.0027228	17.0175	0.134345	0.10113	40.7543	0.2394846481563097
34	A1-1	5.8003	0.00321042	20.0651	0.131412	0.108877	48.683	0.24262525479564018
35	A1-1	6.00024	0.00374439	23.4024	0.131333	0.116647	58.702	0.2508375209380235
36	A1-1	6.20024	0.00431321	26.9576	0.130659	0.117525	69.5153	0.25786902394871947
37	A1-1	6.40024	0.00489241	30.5776	0.132045	0.129164	82.2565	0.2690090131337973
38	A1-1	6.60018	0.00555016	34.6885	0.12908	0.132863	94.0697	0.2711841100076394
39	A1-1	6.80016	0.00621873	38.8671	0.12732	0.137337	107.114	0.27559040936936385
40	A1-1	7.00007	0.00696349	43.5218	0.124595	0.14046	120.826	0.2776217895399547
41	A1-1	7.20011	0.00775694	48.4809	0.122414	0.145103	136.016	0.2805558477668525
42	A1-1	7.40014	0.00862313	53.8946	0.119121	0.145605	151.225	0.2805939741643875
43	A1-1	7.60011	0.00953852	59.6157	0.116843	0.146715	168.514	0.28266714976088514
44	A1-1	7.80014	0.0104899	65.5619	0.113608	0.151088	184.932	0.2820723621493581
45	A1-1	8.00014	0.0115094	71.9338	0.110398	0.148703	202.227	0.28112931612121145
46	A1-1	8.20004	0.0125809	78.6306	0.107891	0.150661	221.434	0.2816130107108429
47	A1-1	8.40015	0.0137328	85.83	0.104774	0.154023	240.452	0.2801491320051264
48	A1-1	8.60007	0.0149076	93.1725	0.102146	0.155599	260.532	0.2796232794011108
49	A1-1	8.80009	0.0161631	101.019	0.0988896	0.155516	279.829	0.27700630574446394
50	A1-1	9.00004	0.0174698	109.186	0.0966448	0.156494	302.302	0.2768688293370945
51	A1-1	9.19996	0.0188284	117.677	0.0938371	0.155424	323.373	0.2747971141344528
52	A1-1	9.36186	0.0200011	125.007	0.0916204	0.156477	341.301	0.273025510571408
53	A2-1	-0.999962	-1.17319e-05	-0.0733244	-3.77133	-0.30316	-0.88019	1.2004053221028745
54	A2-1	-0.799981	-6.84512e-06	-0.042782	-7.38192	1.83514	-0.804193	1.8797461549249685
55	A2-1	-0.599964	-3.69378e-06	-0.0230861	-21.1718	-0.792998	-0.933437	4.0432857866854945
56	A2-1	-0.399948	-1.74111e-06	-0.0108819	-83.5893	-4.71788	-1.15801	10.641615894283166
57	A2-1	-0.200003	-5.20754e-07	-0.00325471	-378.374	-0.704363	-0.784008	24.08841340703166
58	A2-1	6.43492e-05	1.74463e-10	1.09039e-06	-6906290000.0	-193546.0	-1.54249	-141462.22911068518
59	A2-1	0.20005	4.2449e-07	0.00265306	-854.547	14.6465	-1.44368	-54.415655884148876
60	A2-1	0.400007	1.31806e-06	0.00823788	-150.178	-4.50919	-1.57521	-19.121545834607936
61	A2-1	0.599991	2.97829e-06	0.0186143	-17.8444	-1.51046	-0.634373	-3.4079874075307695
62	A2-1	0.800004	5.78315e-06	0.0361447	-8.63158	-2.48442	-0.794469	-2.19802349998755
63	A2-1	1.0	9.59673e-06	0.0599796	-4.96657	-2.36894	-0.948222	-1.5809075085529078
64	A2-1	1.2	1.47513e-05	0.0921956	-2.50575	0.0965889	-0.88243	-0.9571281058965939
65	A2-1	1.40001	2.12868e-05	0.133043	-0.775114	0.571433	-0.459555	-0.34541839856287065
66	A2-1	1.60001	2.99272e-05	0.187045	-1.20258	0.273676	-1.1456	-0.612472934320618
67	A2-1	1.79999	3.92977e-05	0.245611	-0.588052	-0.0846814	-0.827528	-0.33692627773186057
68	A2-1	1.99998	5.06736e-05	0.31671	-0.44641	0.26707	-0.900061	-0.28419090019260523
69	A2-1	2.20012	6.4101e-05	0.400631	-0.413718	-0.0728204	-1.16077	-0.2897354423397091
70	A2-1	2.40003	8.03792e-05	0.50237	-0.198512	-0.0521945	-0.761863	-0.1516537611720445
71	A2-1	2.60005	9.7449e-05	0.609056	-0.21871	0.127667	-1.10245	-0.1810096280145011
72	A2-1	2.80005	0.00011639	0.727438	-0.150182	0.023213	-0.973709	-0.13385456904918358
73	A2-1	3.00001	0.000140876	0.880475	-0.0618222	0.0361522	-0.519797	-0.05903597489991197
74	A2-1	3.20002	0.000193884	1.21178	-0.00880515	-0.0418041	-0.108683	-0.008968872237534866
75	A2-1	3.39997	0.000231518	1.44699	0.00906364	0.0407312	0.141936	0.00980905189393154
76	A2-1	3.59994	0.000280088	1.75055	0.0376395	0.0445257	0.755029	0.04313095884150695
77	A2-1	3.79995	0.000517679	3.23549	0.0401401	0.0525304	1.5709	0.04855215129702147
78	A2-1	3.99997	0.000607181	3.79488	0.0646504	0.0425216	3.12375	0.08231485580571717
79	A2-1	4.19989	0.000610451	3.81532	0.0991114	0.0875085	5.05525	0.1324987157040563
80	A2-1	4.3999	0.000756909	4.73068	0.111433	0.0656062	7.38296	0.15606551278040365
81	A2-1	4.59986	0.000838089	5.23806	0.140305	0.0780541	10.7607	0.2054329274578756
82	A2-1	4.80018	0.00095505	5.96906	0.150958	0.103862	13.768	0.2306560832023803
83	A2-1	5.00021	0.00120681	7.54256	0.150313	0.115607	18.0449	0.23924105343543833
84	A2-1	5.20018	0.00142563	8.91019	0.158768	0.12132	23.4162	0.2628024767148624
85	A2-1	5.40015	0.00167714	10.4821	0.168315	0.127767	30.3269	0.2893208421976512
86	A2-1	5.60016	0.00204196	12.7622	0.161936	0.133441	36.8402	0.28866653084891325
87	A2-1	5.80023	0.0024188	15.1175	0.161387	0.133447	45.0448	0.2979646105506863
88	A2-1	6.00017	0.00284062	17.7539	0.162157	0.14476	54.9848	0.3097054731636429
89	A2-1	6.20018	0.00333082	20.8176	0.158899	0.152478	65.2838	0.31359907001767734
90	A2-1	6.40017	0.0038438	24.0237	0.157349	0.155893	77.0099	0.32055803227646035
91	A2-1	6.60008	0.00440839	27.5524	0.153682	0.161693	88.9574	0.3228662475864172
92	A2-1	6.80015	0.00501903	31.3689	0.150381	0.162466	102.109	0.3255102984165846
93	A2-1	7.00011	0.00568987	35.5617	0.145861	0.165333	115.579	0.3250097717488196
94	A2-1	7.20007	0.00638417	39.9011	0.142092	0.164937	129.939	0.32565267624200833
95	A2-1	7.40009	0.00712216	44.5135	0.139614	0.165637	146.389	0.3288642771294102
96	A2-1	7.60007	0.00791223	49.4514	0.135311	0.17097	161.875	0.32734159194684076
97	A2-1	7.80005	0.00877161	54.8226	0.131541	0.173623	179.047	0.32659341220591503
98	A2-1	8.00004	0.00967225	60.4516	0.127459	0.171666	196.21	0.3245737085536198
99	A2-1	8.2	0.0106321	66.4506	0.124286	0.175416	215.569	0.3244048962688072
100	A2-1	8.40006	0.0116891	73.0569	0.118217	0.171853	230.926	0.31609060882681855
101	A2-1	8.60001	0.012819	80.1188	0.114872	0.171861	251.94	0.3144580298257088
102	A2-1	8.8	0.0139256	87.035	0.111862	0.172927	272.715	0.31333946113632444
103	A2-1	8.99998	0.0150761	94.2256	0.108821	0.173843	293.748	0.31174967312492574
104	A2-1	9.19994	0.0162111	101.319	0.106984	0.175074	317.427	0.31329464365025317
105	A2-1	9.39991	0.0174853	109.283	0.104107	0.176407	340.414	0.3114976711839902
106	A2-1	9.60021	0.0188375	117.734	0.101207	0.176166	364.119	0.3092725975504103
107	A2-1	9.76329	0.0200004	125.003	0.0983452	0.175585	382.048	0.30563106485444347
108	A3-1	-0.999958	-6.57933e-05	-0.411208	0.478801	-0.25648	0.626683	-0.1524004883173479
109	A3-1	-0.79998	-4.57986e-05	-0.286241	1.22105	-0.286604	0.890012	-0.3109309987038894
110	A3-1	-0.599961	-3.05788e-05	-0.191117	0.829269	0.101689	0.30267	-0.15836895723562006
111	A3-1	-0.399954	-1.84e-05	-0.115	1.2358	-0.0554285	0.180929	-0.1573295652173913
112	A3-1	-0.200003	-8.4895e-06	-0.0530594	27.585	2.14412	0.931799	-1.7561431150748033
113	A3-1	5.81265e-05	5.9737e-10	3.73356e-06	983808000.0	-26731.1	0.679608	18202.680551537946
114	A3-1	0.200046	8.1195e-06	0.0507469	17.8531	-1.25204	0.576902	1.1368221507126546
115	A3-1	0.399977	1.71562e-05	0.107226	8.49612	-0.79573	1.15986	1.0816966034357338
116	A3-1	0.599984	2.78016e-05	0.17376	1.96606	-0.375156	0.652432	0.37547882136279925
117	A3-1	0.799997	4.05521e-05	0.253451	-0.382118	-0.167364	-0.246621	-0.09730519903255462
118	A3-1	0.999996	5.71421e-05	0.357138	-0.120654	-0.638308	-0.137159	-0.0384050423085754
119	A3-1	1.2	7.73868e-05	0.483667	0.145677	-0.0844027	0.269134	0.05564448267092855
120	A3-1	1.40001	0.000101735	0.635844	0.195024	-0.140145	0.55261	0.08690968224910514
121	A3-1	1.60001	0.000129319	0.808244	0.135652	-0.189553	0.558394	0.06908730531869088
122	A3-1	1.79999	0.000156641	0.979006	0.0534732	-0.214992	0.299945	0.030637708042647337
123	A3-1	1.99998	0.000184753	1.15471	0.0826443	0.0721533	0.607519	0.05261225762312616
124	A3-1	2.20013	0.000215763	1.34852	0.0713005	0.0128497	0.673361	0.0499333343220716
125	A3-1	2.40008	0.000246954	1.54346	0.103235	-0.0611431	1.2173	0.07886825703290011
126	A3-1	2.60005	0.000282843	1.76777	0.051193	-0.0134456	0.748976	0.04236840765484197
127	A3-1	2.80001	0.000316661	1.97913	0.0295318	0.023311	0.520923	0.026320807627593944
128	A3-1	3.00002	0.000354072	2.21295	0.0620269	-0.00566184	1.31077	0.05923179466323233
129	A3-1	3.20008	0.000402085	2.51303	0.0623767	0.0374635	1.59673	0.06353803973689132
130	A3-1	3.39998	0.000460964	2.88103	0.0590926	0.0251032	1.84249	0.0639524753300035
131	A3-1	3.59999	0.000561013	3.50633	0.0649893	-0.0102144	2.61124	0.0744721689059501
132	A3-1	3.79998	0.000680343	4.25214	0.0699123	0.00722982	3.59578	0.08456400777020512
133	A3-1	3.99994	0.00078877	4.92981	0.0748959	0.0223833	4.70102	0.09535905034879641
134	A3-1	4.1999	0.000934978	5.84361	0.0852649	0.0412398	6.66102	0.11398809982185669
135	A3-1	4.39987	0.00107018	6.68862	0.0970476	0.047302	9.091	0.13591742392302147
136	A3-1	4.59985	0.00122175	7.63594	0.109116	0.069703	12.1996	0.15976552984963216
137	A3-1	4.80021	0.00141351	8.83444	0.112636	0.0530801	15.2043	0.17210258941143977
138	A3-1	5.00018	0.00163352	10.2095	0.118509	0.0623331	19.2571	0.18861942308634116
139	A3-1	5.20019	0.00179003	11.1877	0.130174	0.0893128	24.1066	0.2154741367752085
140	A3-1	5.40013	0.00212276	13.2673	0.130823	0.0845117	29.8345	0.22487243071310664
141	A3-1	5.60013	0.00249339	15.5837	0.132273	0.0965109	36.7444	0.23578739323780615
142	A3-1	5.80016	0.00282523	17.6577	0.135424	0.105951	44.1487	0.25002520147018015
143	A3-1	6.00014	0.00327778	20.4861	0.137477	0.110502	53.7902	0.2625692542748498
144	A3-1	6.20016	0.00377337	23.5836	0.136554	0.117933	63.5577	0.2694995674960566
145	A3-1	6.40019	0.00431677	26.9798	0.137253	0.125841	75.4405	0.2796184552887716
146	A3-1	6.60015	0.00497759	31.1099	0.132329	0.124292	86.4883	0.2780089296333321
147	A3-1	6.8001	0.00553421	34.5888	0.133951	0.136726	100.288	0.28994356554722917
148	A3-1	7.00003	0.00622758	38.9224	0.13069	0.135809	113.342	0.29119992600661826
149	A3-1	7.20002	0.00695811	43.4882	0.128908	0.141925	128.48	0.2954364632245069
150	A3-1	7.40003	0.00772673	48.2921	0.125803	0.14445	143.104	0.2963300415595926
151	A3-1	7.6	0.00856445	53.5278	0.123255	0.148129	159.605	0.2981721647443011
152	A3-1	7.79999	0.00935579	58.4737	0.121246	0.151072	176.024	0.3010310618277961
153	A3-1	7.99999	0.0102753	64.2206	0.1188	0.154399	194.281	0.30252130936179356
154	A3-1	8.19994	0.0112229	70.1431	0.115823	0.155196	212.052	0.3023134135788124
155	A3-1	8.40001	0.0121262	75.7888	0.114069	0.157528	231.155	0.30499889165681476
156	A3-1	8.59992	0.0131608	82.255	0.111592	0.160344	251.27	0.30547687070694796
157	A3-1	8.79992	0.0141921	88.7006	0.108969	0.160651	270.744	0.3052335609905683
158	A3-1	8.9999	0.0153507	95.9419	0.106684	0.163198	293.22	0.30562246526283093
159	A3-1	9.19984	0.016528	103.3	0.103576	0.164166	313.32	0.3033107454017425
160	A3-1	9.39987	0.0177789	111.118	0.101371	0.165304	337.031	0.3033090948361202
161	A3-1	9.60021	0.0190371	118.982	0.0989088	0.165939	359.622	0.30224907969272663
162	A3-1	9.73977	0.0200006	125.004	0.0973115	0.165661	377.126	0.3016911458833317
163	A4-1	-0.999964	-6.13609e-06	-0.0383506	-1.24569	-1.70291	-0.15206	0.39649966362977374
164	A4-1	-0.79999	-6.3431e-06	-0.0396444	1.64165	-3.43048	0.165729	-0.4180388655144232
165	A4-1	-0.599966	-8.02777e-06	-0.0501736	0.777133	0.267462	0.0744642	-0.14841310968318
166	A4-1	-0.399946	-4.42763e-06	-0.0276727	11.4441	4.86857	0.403165	-1.456905180918378
167	A4-1	-0.199999	-1.46161e-06	-0.00913506	1.55038	11.8913	0.0090163	-0.09869995380435377
168	A4-1	5.08308e-05	3.56293e-10	2.22683e-06	-1384150000.0	-69190.7	-0.498708	-22395.423090222423
169	A4-1	0.200042	1.4186e-06	0.00886625	-52.7019	-0.622887	-0.297535	-3.3558155928380087
170	A4-1	0.399994	3.57235e-06	0.0223272	-7.26928	1.16564	-0.206647	-0.9255392525708552
171	A4-1	0.599983	5.29417e-06	0.0330886	-2.15857	0.11052	-0.136406	-0.41224470059174456
172	A4-1	0.799999	8.66026e-06	0.0541266	-2.40329	-0.622972	-0.33125	-0.611991146682038
173	A4-1	1.0	1.02938e-05	0.0643362	-0.775494	1.65794	-0.158812	-0.24684703168667096
174	A4-1	1.20001	1.23033e-05	0.0768956	1.82226	0.968702	0.535237	0.6960567314644791
175	A4-1	1.40002	1.56246e-05	0.0976537	0.537232	0.0967564	0.233795	0.23941233153480104
176	A4-1	1.60002	1.89102e-05	0.118189	0.000727747	0.0371077	0.000438058	0.0003706419379130038
177	A4-1	1.8	2.65333e-05	0.165833	0.0455921	0.718977	0.0433195	0.026122364065053395
178	A4-1	1.99999	3.45956e-05	0.216222	0.282328	0.374612	0.388627	0.17973517958394614
179	A4-1	2.20013	4.49999e-05	0.281249	-0.249619	0.594369	-0.491663	-0.17481413267247173
180	A4-1	2.40008	5.65203e-05	0.353252	0.0998138	0.165098	0.269371	0.07625462842390136
181	A4-1	2.60006	6.87413e-05	0.429633	0.0733565	-0.253081	0.260837	0.060711584072918046
182	A4-1	2.8	8.71919e-05	0.544949	0.0276881	-0.105265	0.13448	0.024677538632055473
183	A4-1	2.99998	0.000107351	0.670944	0.0501202	-0.238847	0.32112	0.04786092430962942
184	A4-1	3.19997	0.000140227	0.876419	0.103157	0.154872	0.920887	0.10507382884214059
185	A4-1	3.3999	0.000177281	1.10801	0.0559741	-0.00708464	0.67119	0.06057616808512558
186	A4-1	3.59988	0.000225266	1.40791	0.101506	0.0177908	1.6376	0.11631425304174273
187	A4-1	3.79987	0.000283552	1.7722	0.124448	0.0142911	2.66759	0.1505242072000903
188	A4-1	3.99982	0.000363005	2.26878	0.129757	0.0960248	3.74812	0.16520420666613775
189	A4-1	4.19983	0.000463963	2.89977	0.148646	0.0374458	5.76235	0.1987174844901492
190	A4-1	4.39978	0.000573646	3.58529	0.146918	0.0756955	7.37701	0.20575769324099308
191	A4-1	4.59977	0.000696211	4.35132	0.163673	0.0720607	10.4276	0.239642223509188
192	A4-1	4.80012	0.000857069	5.35668	0.158681	0.0801822	12.9874	0.2424524145552842
193	A4-1	5.00011	0.00104335	6.52094	0.168655	0.0967944	17.5041	0.26842909151134653
194	A4-1	5.20016	0.00124615	7.78844	0.160981	0.108853	20.7536	0.2664667122042411
195	A4-1	5.40008	0.00152465	9.52906	0.160911	0.117363	26.3564	0.2765897160895199
196	A4-1	5.60009	0.00184793	11.5496	0.15741	0.121989	32.4073	0.2805924014684491
197	A4-1	5.80014	0.0021988	13.7425	0.15755	0.124898	39.9734	0.2908742950700382
198	A4-1	6.00011	0.00260222	16.2639	0.153249	0.128927	47.6026	0.29268871549874265
199	A4-1	6.20016	0.00305507	19.0942	0.149541	0.124033	56.3528	0.2951304584638267
200	A4-1	6.40016	0.00356455	22.2784	0.145311	0.13331	65.9514	0.2960329287561046
201	A4-1	6.60013	0.00411699	25.7312	0.142285	0.131997	76.917	0.29892504041785845
202	A4-1	6.80009	0.00472102	29.5064	0.136268	0.133196	87.0311	0.29495668736274167
203	A4-1	7.00004	0.00538574	33.6609	0.134236	0.136506	100.68	0.2991007370569415
204	A4-1	7.20005	0.00612058	38.2536	0.128203	0.141242	112.398	0.2938233264320221
205	A4-1	7.40004	0.0068825	43.0156	0.124995	0.138763	126.649	0.29442574321873927
206	A4-1	7.60001	0.00768815	48.0509	0.120527	0.1412	140.105	0.2915762243787317
207	A4-1	7.8	0.00853408	53.338	0.117199	0.144546	155.205	0.2909839139075331
208	A4-1	7.99998	0.00944029	59.0018	0.112681	0.141863	169.299	0.28693870356497597
209	A4-1	8.19992	0.010363	64.7688	0.110085	0.145663	186.104	0.28733587776830827
210	A4-1	8.40001	0.0113605	71.0031	0.106055	0.143944	201.343	0.28356930894566573
211	A4-1	8.59994	0.0124209	77.6306	0.103123	0.145026	219.146	0.2822933224785072
212	A4-1	8.79994	0.0135404	84.6275	0.0996483	0.144169	236.217	0.2791255797465363
213	A4-1	9.00001	0.0147038	91.8987	0.0965402	0.143897	254.162	0.27656756842044555
214	A4-1	9.19994	0.0159088	99.43	0.0938161	0.144789	273.168	0.27473398370713065
215	A4-1	9.4	0.0169224	105.765	0.0931248	0.147009	294.703	0.2786394364865504
216	A4-1	9.60027	0.0182952	114.345	0.0892568	0.144613	311.883	0.27275613275613275
217	A4-1	9.80016	0.0197169	123.231	0.0863893	0.14466	332.095	0.2694898199316731
218	B1-1	-0.999961	-2.83248e-06	-0.017703	6.87169	-1.97508	0.387208	-2.1872450997006156
219	B1-1	-0.799982	-1.65727e-06	-0.0103579	8.90356	-5.66118	0.234837	-2.267225982100619
220	B1-1	-0.599956	-8.69027e-07	-0.00543142	49.5502	-6.82187	0.513959	-9.462700361967958
221	B1-1	-0.399944	-3.7668e-07	-0.00235425	-125.182	-87.8636	-0.375185	15.93649782308591
222	B1-1	-0.199997	-1.1225e-07	-0.000701563	-319.953	-361.476	-0.142898	20.368520004618258
223	B1-1	4.44889e-05	1.35934e-10	8.49588e-07	-4067110000.0	-310267.0	-0.489323	-57595.32855925461
224	B1-1	0.200035	9.0394e-08	0.000564962	-912.814	-373.292	-0.328366	-58.12178518201224
225	B1-1	0.399976	2.63603e-07	0.00164752	-236.276	-117.142	-0.495603	-30.081759250267073
226	B1-1	0.599966	5.72079e-07	0.00357549	-18.5853	-42.7926	-0.126906	-3.54933169999077
227	B1-1	0.799978	1.07821e-06	0.00673881	-18.0441	-38.1825	-0.309632	-4.59475782816254
228	B1-1	0.999978	1.95404e-06	0.0122128	3.36522	-8.92706	0.130818	1.071154853923752
229	B1-1	1.19999	3.21759e-06	0.0201099	3.76487	-9.04732	0.289193	1.4380628446685462
230	B1-1	1.39999	5.04796e-06	0.0315498	-0.178611	-7.53137	-0.0251118	-0.07959416541467774
231	B1-1	1.59999	7.59707e-06	0.0474817	-1.18325	-2.16417	-0.286134	-0.6026195355263185
232	B1-1	1.79997	1.122e-05	0.070125	-0.415125	-1.52842	-0.166789	-0.2378452762923351
233	B1-1	1.99996	1.61332e-05	0.100833	0.316639	-1.7763	0.203253	0.20157388950046115
234	B1-1	2.19998	2.28486e-05	0.142804	0.449173	-0.423152	0.449182	0.31454441052071375
235	B1-1	2.39994	3.15761e-05	0.197351	0.167283	-1.13847	0.252197	0.12779109302714453
236	B1-1	2.59995	4.34223e-05	0.271389	-0.0355868	-0.311461	-0.0799277	-0.029451341063934062
237	B1-1	2.7999	5.89605e-05	0.368503	0.075051	-0.675765	0.246485	0.06688819358322727
238	B1-1	2.99978	8.13274e-05	0.508296	-0.0163512	-0.627635	-0.079361	-0.015613146670443995
239	B1-1	3.19984	0.000108993	0.681206	0.0594474	-0.27416	0.412468	0.06054967219901175
240	B1-1	3.3998	0.000147523	0.922019	0.102368	-0.152414	1.02143	0.1107818819351879
241	B1-1	3.59982	0.000221089	1.38181	0.103336	-0.0537067	1.63618	0.11840846426064364
242	B1-1	3.7998	0.000299207	1.87004	0.122861	-0.00963378	2.77893	0.14860270368548267
243	B1-1	3.99976	0.000418894	2.61809	0.141758	-0.0243281	4.72515	0.18048080852835463
244	B1-1	4.19977	0.000545345	3.40841	0.129636	-0.000334204	5.9068	0.17330074726925457
245	B1-1	4.39975	0.000679315	4.24572	0.154134	0.103931	9.16488	0.2158616206438484
246	B1-1	4.59977	0.000848369	5.30231	0.153312	0.0652866	11.9022	0.22447197542203307
247	B1-1	4.8001	0.00105624	6.6015	0.153951	0.06678	15.5284	0.2352253275770658
248	B1-1	5.00015	0.00130925	8.18281	0.157701	0.0859833	20.5386	0.2509969069305043
249	B1-1	5.20013	0.00161353	10.0846	0.157014	0.100016	26.2095	0.2598962774924142
250	B1-1	5.4001	0.00197889	12.3681	0.151165	0.0945269	32.137	0.2598378085558817
251	B1-1	5.60007	0.00241248	15.078	0.150529	0.10105	40.4583	0.26832670115399926
252	B1-1	5.80008	0.00288691	18.0432	0.146486	0.115577	48.797	0.2704453755431409
253	B1-1	6.00008	0.00342129	21.3831	0.14361	0.120791	58.6492	0.27427828518783526
254	B1-1	6.20009	0.00404274	25.2671	0.137949	0.122649	68.7894	0.2722488928290148
255	B1-1	6.40012	0.0046975	29.3594	0.135692	0.123594	81.1593	0.276433782706731
256	B1-1	6.60005	0.00545129	34.0706	0.129609	0.121396	92.7707	0.2722895986569066
257	B1-1	6.80004	0.00626631	39.1644	0.125727	0.128615	106.581	0.2721374513588871
258	B1-1	6.99997	0.00712289	44.5181	0.120578	0.127006	119.605	0.2686660032660873
259	B1-1	7.19998	0.00806451	50.4032	0.116763	0.130834	134.879	0.2676000730112374
260	B1-1	7.39999	0.00908422	56.7764	0.112357	0.129551	150.262	0.26465573724293895
261	B1-1	7.59997	0.0101648	63.53	0.108315	0.130493	166.467	0.26202896269478987
262	B1-1	7.79999	0.0113415	70.8844	0.103938	0.130845	182.923	0.25805819051864726
263	B1-1	7.99997	0.0125823	78.6394	0.100984	0.131488	202.224	0.2571535388113338
264	B1-1	8.19992	0.0138751	86.7194	0.0975267	0.129898	220.749	0.2545554973858214
265	B1-1	8.39998	0.015297	95.6063	0.0944329	0.131956	241.4	0.2524938210138872
266	B1-1	8.59997	0.0167733	104.833	0.0913249	0.131705	262.081	0.2499985691528431
267	B1-1	8.79994	0.0183805	114.878	0.0884367	0.131536	284.577	0.24772106060342275
268	B1-1	8.99383	0.0200008	125.005	0.0847828	0.131073	303.41	0.2427182912683493
269	B2-1	-0.999956	-1.01049e-05	-0.0631556	-1.24015	2.45854	-0.249298	0.39473617541437334
270	B2-1	-0.799977	-5.98176e-06	-0.037386	3.32461	3.92161	0.316503	-0.8465816080885892
271	B2-1	-0.599955	-3.49499e-06	-0.0218437	1.19744	2.24444	0.0499513	-0.22867600269185165
272	B2-1	-0.399951	-1.72513e-06	-0.0107821	-12.9462	19.2965	-0.177706	1.6481575945316778
273	B2-1	-0.199992	-5.99817e-07	-0.00374886	7.04793	54.097	0.0168199	-0.44866706145334845
274	B2-1	5.26428e-05	2.27571e-10	1.42232e-06	-376662000.0	199442.0	-0.0897715	-6311.6246695539685
275	B2-1	0.200035	4.9828e-07	0.00311425	-88.5602	92.769	-0.175609	-5.638885767038613
276	B2-1	0.39999	1.36521e-06	0.00853256	94.0453	32.7376	1.02168	11.973897634473124
277	B2-1	0.599984	2.76899e-06	0.0173062	20.9592	13.2776	0.692732	4.00279668558089
278	B2-1	0.799987	4.78141e-06	0.0298838	-3.61529	11.1795	-0.275113	-0.9206091594777103
279	B2-1	0.999983	7.68311e-06	0.0480194	0.0403828	3.84554	0.00617243	0.012854033994593853
280	B2-1	1.2	1.09333e-05	0.0683331	-1.39394	3.22668	-0.363838	-0.5324476717725377
281	B2-1	1.4	1.45049e-05	0.0906556	0.333366	1.49427	0.134677	0.14855894175318457
282	B2-1	1.6	2.05049e-05	0.128156	-0.229894	1.84223	-0.15005	-0.11708386653765723
283	B2-1	1.79998	2.8022e-05	0.175138	-0.45539	0.967517	-0.456962	-0.2609153924333954
284	B2-1	1.99997	3.87279e-05	0.242049	-0.150241	0.517181	-0.231508	-0.09564509665398328
285	B2-1	2.20002	5.14982e-05	0.321864	0.206869	0.556052	0.466278	0.1448680187905451
286	B2-1	2.39998	6.759e-05	0.422437	-0.0920729	0.587881	-0.297134	-0.07033806224360081
287	B2-1	2.59995	8.70146e-05	0.543841	0.184104	0.462921	0.828612	0.15236291489608175
288	B2-1	2.79992	0.000112249	0.701556	-0.0213707	0.212489	-0.133622	-0.01904651945104881
289	B2-1	2.99984	0.000144438	0.902737	0.0341727	0.161146	0.294571	0.03263087698853598
290	B2-1	3.19992	0.000185982	1.16239	0.0270021	0.20983	0.319696	0.027503333648775365
291	B2-1	3.39987	0.00024174	1.51087	0.0473571	0.177386	0.774331	0.05125067014369204
292	B2-1	3.59986	0.000320198	2.00124	0.0936304	0.131489	2.1471	0.10728848114169214
293	B2-1	3.79983	0.000428575	2.67859	0.09094	0.14443	2.94629	0.109994064041156
294	B2-1	3.99978	0.000570846	3.56779	0.104402	0.14262	4.74237	0.13292178071018754
295	B2-1	4.19978	0.000760546	4.75341	0.093454	0.0804619	5.93854	0.12493220656328825
296	B2-1	4.39975	0.000922029	5.76268	0.107164	0.0788004	8.64874	0.15008190633524682
297	B2-1	4.59975	0.00112987	7.06169	0.109426	0.0943061	11.314	0.16021660537350127
298	B2-1	4.80008	0.00137805	8.61281	0.108176	0.0866259	14.2355	0.16528287515921053
299	B2-1	5.00005	0.00168071	10.5044	0.110641	0.106316	18.4975	0.17609287536651305
300	B2-1	5.20007	0.00203594	12.7246	0.111868	0.0976799	23.5619	0.18516809958662747
301	B2-1	5.4	0.00247235	15.4522	0.109675	0.0910679	29.1301	0.1885174926547676
302	B2-1	5.6	0.00301547	18.8467	0.105656	0.0900831	35.4951	0.18833588904158288
303	B2-1	5.80002	0.00356779	22.2987	0.10403	0.0975747	42.8272	0.19206142062093307
304	B2-1	5.99995	0.00413761	25.8601	0.104626	0.0943738	51.6735	0.19981941291797015
305	B2-1	6.20002	0.004747	29.6688	0.106014	0.0999566	62.0737	0.20922214582322168
306	B2-1	6.40001	0.00546644	34.1653	0.104461	0.102991	72.7062	0.21280714643219872
307	B2-1	6.59997	0.00627618	39.2261	0.101709	0.103784	83.8161	0.21367431378597415
308	B2-1	6.79992	0.00739269	46.2043	0.0958341	0.102504	95.8421	0.20743112654017049
309	B2-1	6.9999	0.00811894	50.7434	0.0981236	0.111421	110.942	0.21863335921518856
310	B2-1	7.1999	0.00901229	56.3268	0.09602	0.110103	123.952	0.22005865769047772
311	B2-1	7.39994	0.010031	62.6938	0.0952928	0.113684	140.722	0.2244591969221837
312	B2-1	7.5999	0.0111838	69.8988	0.0931328	0.115564	157.482	0.22530000515030305
313	B2-1	7.7999	0.0122658	76.6613	0.0912447	0.11468	173.669	0.22654064045352743
314	B2-1	7.99991	0.0135242	84.5263	0.0892275	0.114683	192.055	0.22721330520796484
315	B2-1	8.19984	0.0148594	92.8713	0.086095	0.116131	208.696	0.224715278024535
316	B2-1	8.39987	0.0163227	102.017	0.0843168	0.117064	229.99	0.2254428183538038
317	B2-1	8.59979	0.0178867	111.792	0.0814491	0.116152	249.249	0.22295781451266636
318	B2-1	8.79982	0.0194447	121.529	0.0797287	0.117666	271.406	0.22332611969159624
319	B2-1	8.85366	0.0200008	125.005	0.0791199	0.117948	278.731	0.22297588096476142
320	B4-1	-0.999971	-3.00792e-06	-0.0187995	1.46081	-1.09025	0.0874133	-0.4649767281044708
321	B4-1	-0.799992	-1.72528e-06	-0.010783	-14.1754	-2.57941	-0.389235	3.6097097282759902
322	B4-1	-0.599967	-8.64865e-07	-0.00540541	54.2736	8.62514	0.560266	-10.36491218982464
323	B4-1	-0.399956	-3.65836e-07	-0.00228647	203.962	21.0792	0.593714	-25.966402358220314
324	B4-1	-0.200009	-1.01092e-07	-0.000631825	1002.65	-98.6486	0.403315	-63.83333992798638
325	B4-1	4.4179e-05	3.89028e-10	2.43142e-06	408444000.0	-2965.82	0.139656	5743.80403221163
326	B4-1	0.200043	9.82841e-08	0.000614276	-574.041	140.354	-0.224533	-36.55246175986039
327	B4-1	0.399978	3.10892e-07	0.00194308	-239.97	-14.3315	-0.593654	-30.552216069333223
328	B4-1	0.599972	7.77284e-07	0.00485803	-7.79515	-16.074	-0.0723212	-1.4886939767765948
329	B4-1	0.79999	1.75921e-06	0.0109951	-4.87476	-10.3229	-0.136485	-1.241325681439914
330	B4-1	0.999995	3.12807e-06	0.0195504	2.75385	1.23002	0.171374	0.8765754153367707
331	B4-1	1.20001	5.03983e-06	0.0314989	0.140856	-1.1872	0.0169475	0.053803466152786285
332	B4-1	1.40001	8.04879e-06	0.0503049	-0.727445	0.235722	-0.163077	-0.3241771676317814
333	B4-1	1.60002	1.13871e-05	0.0711694	0.368945	-2.05761	0.13373	0.18790379011204253
334	B4-1	1.8	1.58288e-05	0.09893	0.328362	-0.746306	0.186124	0.1881370666127565
335	B4-1	1.99998	2.15336e-05	0.134585	-0.113248	-0.956901	-0.0970294	-0.07209525578630605
336	B4-1	2.20013	2.86046e-05	0.178779	0.190632	-0.318856	0.238676	0.1335033756761141
337	B4-1	2.40007	3.76302e-05	0.235189	-0.246063	-0.200167	-0.442116	-0.18798328153102398
338	B4-1	2.60002	4.90461e-05	0.306538	0.0885507	0.0320511	0.224648	0.07328553066830214
339	B4-1	2.79997	6.42648e-05	0.401655	0.152587	-0.126631	0.546227	0.1359940745166872
340	B4-1	2.99991	8.41351e-05	0.525844	0.0805992	-0.0490955	0.404712	0.0769642707723203
341	B4-1	3.19995	0.000110444	0.690275	0.145033	-0.100391	1.01972	0.14772663069066677
342	B4-1	3.3999	0.000144086	0.900537	0.111573	-0.00940496	1.08737	0.12074684327240301
343	B4-1	3.59988	0.000189446	1.18404	0.0925277	0.0571084	1.25538	0.10602513428600384
344	B4-1	3.79993	0.000253627	1.58517	0.11547	-0.00688869	2.21397	0.1396676697136585
345	B4-1	3.99987	0.000328036	2.05023	0.122739	0.0597202	3.20392	0.15627124761612113
346	B4-1	4.19984	0.000416098	2.60061	0.154255	0.0557118	5.36289	0.20621661840875793
347	B4-1	4.39983	0.00053563	3.34769	0.145386	0.0504276	6.81637	0.20361413392518424
348	B4-1	4.59979	0.000675681	4.22301	0.148323	0.106517	9.17106	0.21716879666399086
349	B4-1	4.80014	0.000831936	5.1996	0.148292	0.085457	11.7813	0.22658089083775673
350	B4-1	5.00012	0.00101884	6.36775	0.154878	0.0636003	15.6966	0.24650151152290842
351	B4-1	5.20019	0.00126195	7.88719	0.148037	0.0785293	19.3269	0.24504164347505256
352	B4-1	5.40015	0.00155236	9.70225	0.146407	0.0931558	24.4168	0.25166121260532354
353	B4-1	5.60016	0.00189528	11.8455	0.137548	0.0968257	29.0442	0.24519184500443206
354	B4-1	5.8002	0.00227289	14.2056	0.137614	0.0940909	36.0923	0.25407092977417356
355	B4-1	6.00019	0.00270515	16.9072	0.132956	0.102833	42.9334	0.25393560140058674
356	B4-1	6.20022	0.00319894	19.9934	0.129789	0.107326	51.2132	0.2561505296747927
357	B4-1	6.40019	0.00375608	23.4755	0.128702	0.1137	61.5522	0.2621976102745415
358	B4-1	6.60014	0.00440923	27.5577	0.123097	0.107805	71.2678	0.25861301922874547
359	B4-1	6.80013	0.00509916	31.8698	0.118249	0.111307	81.5722	0.2559545400347664
360	B4-1	7.00006	0.00589331	36.8332	0.114987	0.10883	94.3713	0.2562126016745762
361	B4-1	7.20003	0.00677043	42.3152	0.109764	0.112915	106.449	0.25156208643702505
362	B4-1	7.4	0.00771996	48.2497	0.104293	0.113191	118.531	0.24566163105677347
363	B4-1	7.59999	0.00876107	54.7567	0.10023	0.109858	132.77	0.24247261065769124
364	B4-1	7.79999	0.00990551	61.9094	0.0954655	0.110557	146.74	0.23702377991064366
365	B4-1	7.99997	0.011111	69.4437	0.0915574	0.109453	161.907	0.23314857935277064
366	B4-1	8.19994	0.0125113	78.1956	0.086552	0.108975	176.653	0.22591168812567458
367	B4-1	8.4	0.013934	87.0875	0.0823265	0.107169	191.701	0.22012458734031864
368	B4-1	8.59989	0.0154649	96.6556	0.0786542	0.104442	208.11	0.2153108562773393
369	B4-1	8.79987	0.0170256	106.41	0.0754782	0.104715	224.973	0.21142091908655206
370	B4-1	8.99986	0.0186434	116.521	0.0731411	0.104669	244.148	0.2095313291166399
371	B4-1	9.16908	0.0200006	125.004	0.0716931	0.104236	261.563	0.2092437042014655
372	B5-1	-0.999969	-8.62671e-06	-0.0539169	3.30373	2.85188	0.566979	-1.051579374926971
373	B5-1	-0.799983	-4.30841e-06	-0.0269276	3.35576	5.86358	0.230101	-0.8545172982367534
374	B5-1	-0.599964	-2.31017e-06	-0.0144386	27.2817	14.9834	0.752266	-5.2101034726358515
375	B5-1	-0.399948	-9.95831e-07	-0.00622394	0.0354917	12.4848	0.00028122	-0.004518359752825381
376	B5-1	-0.199997	-3.21169e-07	-0.00200731	207.428	83.2821	0.265066	-13.20503559490064
377	B5-1	5.00917e-05	2.46298e-10	1.53936e-06	2151910000.0	69244.5	0.528178	34311.53206527389
378	B5-1	0.20004	1.95785e-07	0.00122366	254.647	3.18125	0.198411	16.214553062125102
379	B5-1	0.39998	6.84451e-07	0.00427782	10.2932	11.2398	0.056061	1.3105039482727183
380	B5-1	0.599974	1.52394e-06	0.00952463	-35.7601	22.4874	-0.650473	-6.829378149072457
381	B5-1	0.799983	3.07547e-06	0.0192217	6.07316	5.40472	0.29726	1.5464813205907908
382	B5-1	0.999993	4.9459e-06	0.0309119	5.27004	8.6314	0.518545	1.6774931337122598
383	B5-1	1.19999	7.6902e-06	0.0480637	2.51745	2.56312	0.462174	0.9615863947220042
384	B5-1	1.4	1.1389e-05	0.0711813	1.36928	1.96568	0.434346	0.61019677921027
385	B5-1	1.60001	1.54888e-05	0.096805	0.904647	0.837197	0.446015	0.46073549919942147
386	B5-1	1.79998	2.05074e-05	0.128171	0.270831	-0.311836	0.198887	0.15517316709708123
387	B5-1	1.99998	2.61114e-05	0.163196	0.362734	1.07714	0.376855	0.2309217137674943
388	B5-1	2.20009	3.28172e-05	0.205108	0.0094012	0.690104	0.0135038	0.006583750999473448
389	B5-1	2.40007	4.10957e-05	0.256848	-0.00848054	0.68555	-0.0166408	-0.006478851305052015
390	B5-1	2.60002	5.48712e-05	0.342945	0.289148	0.149403	0.820676	0.23930251206461675
391	B5-1	2.79992	6.41399e-05	0.400874	0.172111	0.444294	0.614913	0.15339308610685654
392	B5-1	2.9999	8.14647e-05	0.509154	0.150329	0.299053	0.730887	0.14354929942610684
393	B5-1	3.19995	0.000100471	0.627944	0.0593944	0.117751	0.379891	0.06049759214197444
394	B5-1	3.39992	0.000125375	0.783594	0.149167	0.205539	1.26497	0.16143181290311054
395	B5-1	3.59994	0.000166075	1.03797	0.128828	0.084652	1.53229	0.14762372708267096
396	B5-1	3.79992	0.0002108	1.3175	0.123934	0.12742	1.97499	0.14990436432637572
397	B5-1	3.99989	0.000280299	1.75187	0.151912	0.129881	3.38837	0.1934144656852392
398	B5-1	4.19983	0.000357148	2.23218	0.149723	0.114971	4.46784	0.20015590140580058
399	B5-1	4.39979	0.000457395	2.85872	0.153191	0.108357	6.13321	0.21454392175519113
400	B5-1	4.59973	0.000566631	3.54144	0.157032	0.104926	8.14235	0.22991636170597268
401	B5-1	4.80005	0.000683973	4.27483	0.167558	0.103096	10.9441	0.2560125197961089
402	B5-1	5.0	0.000826643	5.16652	0.166302	0.139424	13.6747	0.2646791263752003
403	B5-1	5.20005	0.00102288	6.393	0.160149	0.102487	16.9468	0.26508368528077586
404	B5-1	5.40009	0.001222	7.6375	0.162394	0.104273	21.3193	0.2791397708674304
405	B5-1	5.60008	0.00149201	9.32506	0.156258	0.128246	25.9739	0.2785386903676759
406	B5-1	5.80008	0.0018058	11.2863	0.15552	0.11956	32.4056	0.2871233265109026
407	B5-1	6.0001	0.00214114	13.3821	0.151865	0.126531	38.8143	0.2900464052727151
408	B5-1	6.20013	0.00253668	15.8543	0.148352	0.121855	46.4185	0.2927817689838088
409	B5-1	6.40013	0.00299066	18.6916	0.143684	0.129722	54.7134	0.29271651437009133
410	B5-1	6.6001	0.00349839	21.8649	0.140559	0.128837	64.5664	0.2952970285709059
411	B5-1	6.80005	0.0040829	25.5181	0.134819	0.129682	74.4668	0.2918195320184497
412	B5-1	6.99999	0.00473389	29.5868	0.130207	0.129798	85.838	0.29012262225046304
413	B5-1	7.19995	0.00546408	34.1505	0.124622	0.132733	97.5374	0.28561045958331505
414	B5-1	7.4	0.00626004	39.1253	0.11987	0.129439	110.471	0.2823518286121768
415	B5-1	7.59995	0.00717941	44.8713	0.114393	0.129898	124.174	0.2767336805485912
416	B5-1	7.79995	0.00816442	51.0276	0.109324	0.12836	138.504	0.27142957928650374
417	B5-1	7.99995	0.00922945	57.6841	0.104169	0.124604	153.015	0.26526373818781945
418	B5-1	8.19994	0.0103456	64.66	0.100031	0.122137	168.822	0.2610918651407362
419	B5-1	8.39996	0.0115646	72.2787	0.0954263	0.121446	184.419	0.2551498574268768
420	B5-1	8.59993	0.0127217	79.5106	0.0925525	0.123456	201.446	0.2533574139800228
421	B5-1	8.79995	0.0139593	87.2456	0.0899457	0.122987	219.814	0.2519485223323583
422	B5-1	8.99998	0.0152509	95.3181	0.0878576	0.123549	239.909	0.2516930152825119
423	B5-1	9.19989	0.0164774	102.984	0.0866604	0.125532	261.35	0.2537772857919677
424	B5-1	9.39992	0.0177975	111.234	0.0855979	0.127859	284.889	0.25611683478073255
425	B5-1	9.60025	0.0191296	119.56	0.0846145	0.128323	309.146	0.2585697557711609
426	B5-1	9.73116	0.0200006	125.004	0.0847772	0.132144	328.259	0.2625987968385012
427	C1-1	-0.999969	-5.08066e-06	-0.0317541	-1.01989	1.92024	-0.103083	0.32462894555348754
428	C1-1	-0.799989	-2.48748e-06	-0.0155468	10.2432	-0.827516	0.405518	-2.6083695680139964
429	C1-1	-0.599964	-1.24883e-06	-0.00780519	-23.1678	10.0512	-0.345337	4.424453472625266
430	C1-1	-0.399952	-5.31813e-07	-0.00332383	18.9103	10.6214	0.0800193	-2.4074426189065026
431	C1-1	-0.2	-1.51902e-07	-0.000949388	398.945	3.18534	0.241122	-25.39762457498936
432	C1-1	4.03643e-05	2.66409e-10	1.66506e-06	-1290540000.0	4572.47	-0.276087	-16581.204280926817
433	C1-1	0.200029	1.45738e-07	0.000910862	336.677	54.5935	0.195258	21.436617182405236
434	C1-1	0.399982	4.63683e-07	0.00289802	-50.6419	31.8761	-0.186854	-6.4476435635364835
435	C1-1	0.599973	1.01588e-06	0.00634925	33.0605	6.14133	0.400879	6.313800842619207
436	C1-1	0.799984	1.86101e-06	0.0116313	-13.1664	3.29295	-0.389966	-3.3527292735979635
437	C1-1	0.999988	3.324e-06	0.020775	-4.44265	5.33133	-0.293784	-1.4141227436823105
438	C1-1	1.2	5.52183e-06	0.0345114	-1.44538	-2.71802	-0.190536	-0.552095829204263
439	C1-1	1.4	8.7078e-06	0.0544237	-0.0347326	1.04038	-0.00842371	-0.015478017848841587
440	C1-1	1.59999	1.29913e-05	0.0811956	0.417731	0.6977	0.172742	0.21274798141771228
441	C1-1	1.79998	2.01391e-05	0.125869	-0.128027	0.212775	-0.092329	-0.07335324821838576
442	C1-1	1.99997	2.73752e-05	0.171095	0.0482177	1.19679	0.0525192	0.03069592916216137
443	C1-1	2.20001	3.64273e-05	0.227671	0.178724	0.19538	0.284947	0.1251573542524081
444	C1-1	2.39999	4.89252e-05	0.305782	-0.138002	0.439645	-0.322372	-0.1054254338057832
445	C1-1	2.59996	6.4356e-05	0.402225	-0.189935	0.308662	-0.632254	-0.15718913543414753
446	C1-1	2.7999	8.28488e-05	0.517805	0.0691179	0.475418	0.31897	0.061600409420534755
447	C1-1	2.99987	0.000106409	0.665056	0.0303485	0.272407	0.192729	0.028979364143771353
448	C1-1	3.19993	0.000185571	1.15982	0.0744147	0.210403	0.879102	0.07579641668534773
449	C1-1	3.39993	0.000183207	1.14504	0.0536891	0.189611	0.665316	0.058104171033326345
450	C1-1	3.59988	0.000230913	1.44321	0.063919	0.129322	1.05705	0.07324297919221735
451	C1-1	3.79986	0.00030394	1.89962	0.107106	0.134659	2.46094	0.12954906770827848
452	C1-1	3.99983	0.000404178	2.52611	0.123486	0.109588	3.97158	0.1572211819754484
453	C1-1	4.19982	0.000513356	3.20847	0.12328	0.107341	5.28777	0.16480659005694304
454	C1-1	4.39976	0.000628699	3.92937	0.119249	0.10224	6.5623	0.16700641578675463
455	C1-1	4.59971	0.000759991	4.74994	0.131448	0.13492	9.14161	0.19245737840899044
456	C1-1	4.79999	0.000927884	5.79928	0.123699	0.0938099	10.9605	0.18899759970203195
457	C1-1	4.99999	0.00112674	7.04213	0.126154	0.0986294	14.1392	0.20078016168403595
458	C1-1	5.20001	0.00137421	8.58881	0.12172	0.0918742	17.3041	0.2014726137846803
459	C1-1	5.40002	0.00165717	10.3573	0.119901	0.0914184	21.3459	0.20609521786565996
460	C1-1	5.59999	0.00198342	12.3964	0.116595	0.0964906	25.7638	0.2078329192346165
461	C1-1	5.8	0.00234888	14.6805	0.114322	0.100483	30.9847	0.21106024999148532
462	C1-1	5.99999	0.00274546	17.1591	0.111495	0.0992258	36.5387	0.21294065539567927
463	C1-1	6.19999	0.00317884	19.8678	0.109085	0.0990606	42.7716	0.21528100745930603
464	C1-1	6.39998	0.00365623	22.8514	0.108658	0.101175	50.5829	0.22135580314554032
465	C1-1	6.59996	0.00412256	25.766	0.108226	0.107368	58.5826	0.2273639680198712
466	C1-1	6.79993	0.00469916	29.3697	0.106088	0.104825	67.4407	0.22962679223825916
467	C1-1	6.99992	0.00533886	33.3679	0.102254	0.105694	76.0242	0.22783633372193032
468	C1-1	7.19989	0.00600783	37.5489	0.0993879	0.106274	85.5278	0.2277771119793123
469	C1-1	7.39989	0.00673214	42.0759	0.0962405	0.104441	95.382	0.22669033817458453
470	C1-1	7.59987	0.00751315	46.9572	0.0924217	0.108212	104.986	0.22357806683533094
471	C1-1	7.79987	0.00834292	52.1432	0.0897462	0.10704	116.185	0.22281908283342794
472	C1-1	7.99984	0.0092047	57.5294	0.0869961	0.105629	127.444	0.2215284706602189
473	C1-1	8.1998	0.0101303	63.3144	0.0842781	0.106596	139.274	0.21997207586267895
474	C1-1	8.39988	0.011133	69.5813	0.080805	0.105245	150.333	0.21605373857631288
475	C1-1	8.59981	0.0121853	76.1581	0.0781262	0.103637	162.874	0.21386300341001152
476	C1-1	8.79984	0.013263	82.8937	0.0757432	0.10447	175.869	0.21216208228128314
477	C1-1	8.99979	0.0144163	90.1019	0.0728454	0.10181	188.026	0.2086815039416483
478	C1-1	9.19976	0.015621	97.6312	0.0703248	0.101822	201.059	0.20593724137365924
479	C1-1	9.39976	0.0168949	105.593	0.0680062	0.101611	214.858	0.2034775032435862
480	C1-1	9.60008	0.0181691	113.557	0.0659266	0.101667	228.77	0.20145829847565538
481	C1-1	9.80007	0.0194954	121.846	0.0638873	0.100284	242.832	0.19929419102801899
482	C1-1	9.85628	0.0200007	125.004	0.063188	0.10056	247.812	0.1982432562158011
483	C2-1	-0.999963	-1.12907e-05	-0.0705669	1.63668	-0.107448	0.36762	-0.5209524578803943
484	C2-1	-0.799982	-7.00914e-06	-0.0438071	4.96766	-0.148109	0.554149	-1.2649753122210783
485	C2-1	-0.59996	-3.71325e-06	-0.0232078	10.4218	3.34596	0.461902	-1.9902877480846954
486	C2-1	-0.399949	-1.67756e-06	-0.0104848	5.43235	-14.8689	0.0725105	-0.6915773309934381
487	C2-1	-0.2	-5.06651e-07	-0.00316657	-27.5957	-10.2497	-0.0556302	1.756796786428217
488	C2-1	3.87192e-05	2.91681e-10	1.82301e-06	613354000.0	-56987.3	0.137808	7559.366103312654
489	C2-1	0.20003	3.11356e-07	0.00194597	437.661	7.70272	0.542276	27.86661664876642
490	C2-1	0.399979	1.1066e-06	0.00691625	16.4766	-7.53588	0.145086	2.09775528646304
491	C2-1	0.599979	2.29656e-06	0.0143535	5.55686	1.46663	0.152326	1.0612463858989096
492	C2-1	0.799986	4.28237e-06	0.0267648	0.139832	2.5235	0.00953021	0.035607252809660456
493	C2-1	0.999991	6.89222e-06	0.0430764	1.68175	0.0427344	0.230593	0.535311678784671
494	C2-1	1.20001	1.11869e-05	0.0699181	2.1129	1.19222	0.564291	0.8070742769039777
495	C2-1	1.4	1.66006e-05	0.103754	1.55225	0.215674	0.7177	0.6917323669448889
496	C2-1	1.60001	2.29294e-05	0.143309	0.312461	-0.17087	0.228056	0.1591358532960247
497	C2-1	1.79999	3.08212e-05	0.192633	-0.426641	-0.0265893	-0.470883	-0.24444565572876922
498	C2-1	1.99998	3.91027e-05	0.244392	-0.041983	0.0118003	-0.0653184	-0.026726897770794462
499	C2-1	2.20004	4.80859e-05	0.300537	0.113928	-0.28292	0.239777	0.07978285535558018
500	C2-1	2.4	6.10827e-05	0.381767	0.13711	-0.0289828	0.39988	0.10474451694358075
501	C2-1	2.6	7.61368e-05	0.475855	0.0588668	-0.174231	0.231829	0.04871841212133949
502	C2-1	2.79994	9.39528e-05	0.587205	0.0575711	-0.0593216	0.301296	0.051310189797430204
503	C2-1	2.99987	0.000109142	0.682138	0.138046	0.0760374	0.899184	0.13181848834106882
504	C2-1	3.19994	0.000130441	0.815256	0.142489	0.122612	1.18323	0.14513600635873886
505	C2-1	3.39985	0.000163351	1.02094	0.0951218	-0.0995611	1.05097	0.10294140693870354
506	C2-1	3.59989	0.000203671	1.27294	0.120465	0.160195	1.75715	0.1380387135293101
507	C2-1	3.79987	0.00025752	1.6095	0.121735	-0.0421622	2.36987	0.14724262193227713
508	C2-1	3.99982	0.000331508	2.07193	0.12225	0.0962307	3.22489	0.1556466675997741
509	C2-1	4.19978	0.000416008	2.60005	0.127349	0.033233	4.42642	0.17024364916059306
510	C2-1	4.3998	0.000509076	3.18172	0.14249	0.0782323	6.34937	0.1995577863545504
511	C2-1	4.59971	0.000631353	3.94596	0.132136	0.075738	7.634	0.19346369451286888
512	C2-1	4.80008	0.000772038	4.82524	0.143669	0.0791471	10.5921	0.21951446974658256
513	C2-1	5.00008	0.000949813	5.93633	0.133354	0.0837788	12.5994	0.21224224394533323
514	C2-1	5.2001	0.00113849	7.11556	0.136465	0.0814399	16.0728	0.22588243230329025
515	C2-1	5.4001	0.00137736	8.6085	0.129927	0.0853958	19.2256	0.22333275251205204
516	C2-1	5.60004	0.00164438	10.2774	0.126023	0.0896831	23.0873	0.22464144628018762
517	C2-1	5.80009	0.00196901	12.3063	0.124965	0.092098	28.3922	0.23071272437694512
518	C2-1	6.00012	0.00230247	14.3904	0.122342	0.0987379	33.6249	0.23366202468312208
519	C2-1	6.20005	0.00267694	16.7309	0.121455	0.0989487	40.1031	0.2396948161784483
520	C2-1	6.40011	0.00308393	19.2746	0.118955	0.101473	46.7094	0.24233654654311895
521	C2-1	6.60007	0.00356108	22.2568	0.115178	0.102183	53.8553	0.2419723410373459
522	C2-1	6.80002	0.00408493	25.5308	0.114075	0.104569	63.0396	0.24691588199351372
523	C2-1	7.00005	0.00466854	29.1784	0.109004	0.10352	70.8687	0.24288069256710446
524	C2-1	7.20001	0.00529784	33.1115	0.105052	0.103757	79.7196	0.24076106488682178
525	C2-1	7.40007	0.00596512	37.282	0.101412	0.105761	89.0579	0.2388764014806073
526	C2-1	7.60001	0.00670501	41.9063	0.0988403	0.103549	100.202	0.2391096326805277
527	C2-1	7.80003	0.00748127	46.7579	0.0939003	0.103772	109.011	0.23313921283889996
528	C2-1	7.99999	0.00832355	52.0222	0.0910844	0.104296	120.663	0.2319452080073507
529	C2-1	8.19995	0.00923133	57.6958	0.0868762	0.103519	130.83	0.22675827356584016
530	C2-1	8.40001	0.0101878	63.6738	0.0834961	0.103051	142.153	0.22325194978154278
531	C2-1	8.59994	0.0112467	70.2919	0.0794332	0.101453	152.845	0.2174432615991316
532	C2-1	8.79995	0.0123633	77.2706	0.0761524	0.0987391	164.827	0.21331140174917756
533	C2-1	8.99993	0.0135311	84.5694	0.0726588	0.0983612	176.032	0.20815093875562557
534	C2-1	9.19988	0.014736	92.1	0.0698343	0.0969518	188.348	0.2045038002171553
535	C2-1	9.39985	0.0159599	99.7494	0.0674167	0.0958828	201.21	0.20171549904059574
536	C2-1	9.60017	0.0171954	107.471	0.0657818	0.0954169	216.036	0.20101794902810993
537	C2-1	9.80015	0.0184696	115.435	0.0637838	0.0959897	229.684	0.19897258197253864
538	C2-1	10.0001	0.0197305	123.316	0.0626019	0.0962503	245.731	0.1992693567744656
539	C3-1	-0.999962	-9.59642e-06	-0.0599776	2.29819	-1.07924	0.438742	-0.7315097636450942
540	C3-1	-0.799983	-5.75534e-06	-0.0359709	1.04582	-4.18498	0.0957943	-0.2663105454686983
541	C3-1	-0.599946	-3.19727e-06	-0.0199829	-11.5434	-3.33855	-0.440509	2.204429787468285
542	C3-1	-0.399945	-1.44968e-06	-0.0090605	-39.3572	-11.4699	-0.453969	5.010418851056785
543	C3-1	-0.199995	-4.09918e-07	-0.00256199	-53.6245	-39.4058	-0.08746	3.4137525907595268
544	C3-1	4.69446e-05	4.29022e-10	2.68139e-06	-911258000.0	-68537.9	-0.365121	-13616.855436918911
545	C3-1	0.200035	2.94362e-07	0.00183976	-469.209	-45.9088	-0.549647	-29.876016436926555
546	C3-1	0.399979	9.61099e-07	0.00600687	-108.061	-23.6792	-0.826426	-13.758013740933299
547	C3-1	0.599978	2.18851e-06	0.0136782	-19.9061	-19.359	-0.519997	-3.8016478776447196
548	C3-1	0.799985	4.21693e-06	0.0263558	-10.7827	-7.1528	-0.723665	-2.7457523581147223
549	C3-1	0.999986	7.45232e-06	0.046577	-3.95024	-3.75922	-0.585652	-1.257384546020568
550	C3-1	1.20001	1.10173e-05	0.0688581	-1.22778	-3.95041	-0.322931	-0.4689804104382781
551	C3-1	1.4	1.62763e-05	0.101727	-1.25898	-0.673887	-0.570731	-0.5610418079762501
552	C3-1	1.6	2.24075e-05	0.140047	-0.949452	-2.70564	-0.677199	-0.483551236370647
553	C3-1	1.79998	3.15419e-05	0.197137	-0.63054	-1.07413	-0.712194	-0.3612685594282149
554	C3-1	1.99997	3.97768e-05	0.248605	-0.208273	-0.863704	-0.329623	-0.13258904688159934
555	C3-1	2.20003	4.94576e-05	0.30911	-0.347471	-0.641089	-0.75216	-0.24333085309436772
556	C3-1	2.39998	6.13447e-05	0.383404	-0.0983846	-0.397157	-0.288165	-0.07515962274780649
557	C3-1	2.59994	7.38989e-05	0.461868	-0.10629	-0.461884	-0.406278	-0.08796409363714307
558	C3-1	2.79987	9.04944e-05	0.56559	-0.130225	-0.539219	-0.656425	-0.1160602203009247
559	C3-1	2.99988	0.000110788	0.692425	-0.108647	-0.216221	-0.718365	-0.103746254106943
560	C3-1	3.19991	0.000133254	0.832837	0.0371849	-0.274506	0.315439	0.03787523849204587
561	C3-1	3.39984	0.000161516	1.00947	0.0119245	-0.258733	0.13027	0.012904791623327092
562	C3-1	3.59989	0.000201651	1.26032	0.111581	-0.0997138	1.61143	0.1278587977656468
563	C3-1	3.79986	0.000256771	1.60482	0.100952	-0.00781813	1.95957	0.12210528283545818
564	C3-1	3.99984	0.000327717	2.04823	0.104666	0.0342689	2.72946	0.1332594484017908
565	C3-1	4.19984	0.000406324	2.53953	0.117757	0.00179313	3.9978	0.1574228302087394
566	C3-1	4.3998	0.000488099	3.05062	0.128728	0.0344219	5.49976	0.18028335223659456
567	C3-1	4.59977	0.000584651	3.65407	0.135488	0.0246902	7.24876	0.19837496271281066
568	C3-1	4.80013	0.000705002	4.40626	0.136116	0.0535707	9.16397	0.2079761521108605
569	C3-1	5.00003	0.00085622	5.35137	0.131352	0.0432711	11.1873	0.20905487753603286
570	C3-1	5.20004	0.00102643	6.41519	0.145304	0.0751744	15.4292	0.24051041356530362
571	C3-1	5.40007	0.00122666	7.66663	0.13341	0.0705355	17.5809	0.22931718369087856
572	C3-1	5.60007	0.00148864	9.304	0.130874	0.0786209	21.7053	0.23328998280309543
573	C3-1	5.80011	0.00174787	10.9242	0.128641	0.066235	25.9451	0.23750114424854907
574	C3-1	6.00004	0.00208218	13.0136	0.125957	0.0939089	31.3057	0.24056141267596978
575	C3-1	6.20003	0.00252437	15.7773	0.11634	0.0853645	36.2248	0.22960075551583606
576	C3-1	6.40008	0.00331351	20.7094	0.102927	0.0798556	43.4242	0.20968352535563559
577	C3-1	6.59999	0.0036789	22.9931	0.104371	0.0854245	50.4161	0.2192662146470028
578	C3-1	6.79998	0.00381512	23.8445	0.116275	0.0995706	60.0112	0.2516773260080941
579	C3-1	6.99997	0.00415876	25.9922	0.119029	0.111122	68.9356	0.26521648802333003
580	C3-1	7.19994	0.00465285	29.0803	0.11655	0.108452	77.6767	0.2671110683177271
581	C3-1	7.39994	0.00529411	33.0882	0.112109	0.113031	87.3758	0.26406936611843496
582	C3-1	7.59998	0.00590153	36.8846	0.111854	0.114306	99.8066	0.27059152058040487
583	C3-1	7.79999	0.00643182	40.1989	0.109705	0.118829	109.492	0.2723756122679974
584	C3-1	7.99996	0.00719933	44.9958	0.105941	0.11818	121.388	0.2697762902315327
585	C3-1	8.1999	0.00798221	49.8888	0.101647	0.115344	132.36	0.26531004955019966
586	C3-1	8.39996	0.00882855	55.1784	0.0979139	0.119669	144.458	0.2618017195134328
587	C3-1	8.59993	0.00967522	60.4701	0.0941963	0.117802	155.926	0.2578563620698494
588	C3-1	8.79999	0.0106248	66.405	0.0910848	0.115854	169.426	0.2551404261727279
589	C3-1	9.00004	0.0116284	72.6775	0.0872395	0.114419	181.638	0.24992329125245094
590	C3-1	9.19994	0.0126086	78.8037	0.0847376	0.11402	195.55	0.2481482468462775
591	C3-1	9.39991	0.0137323	85.8269	0.0812899	0.112741	208.753	0.24322560875436489
592	C3-1	9.6002	0.0147448	92.155	0.0796385	0.113637	224.271	0.24336281265259613
593	C3-1	9.80015	0.0158345	98.9656	0.0782783	0.113948	241.662	0.24418787942476983
594	C3-1	10.0002	0.0169357	105.848	0.0762159	0.113895	256.796	0.24260826846043382
595	C3-1	10.2002	0.0180577	112.861	0.075195	0.115973	275.543	0.24414368116532725
596	C3-1	10.4002	0.0192209	120.131	0.0737461	0.116778	293.282	0.24413515245856604
597	C3-1	10.5414	0.0200007	125.004	0.0735197	0.118389	308.374	0.24669130587821192
598	C4-1	-0.999966	-9.62545e-06	-0.0601591	2.25123	0.878352	0.431078	-0.7165632464581418
599	C4-1	-0.799991	-5.49505e-06	-0.0343441	1.16304	-0.0395338	0.101714	-0.29616149498749417
600	C4-1	-0.599969	-3.04505e-06	-0.0190316	13.2774	0.329295	0.482577	-2.5356617415246223
601	C4-1	-0.399958	-1.42661e-06	-0.00891631	-5.36059	8.69877	-0.0608502	0.6824594479106267
602	C4-1	-0.200005	-4.57412e-07	-0.00285883	64.3611	16.5003	0.117139	-4.0974454584567805
603	C4-1	4.36306e-05	2.14648e-10	1.34155e-06	-984748000.0	-57320.2	-0.183473	-13676.195445566695
604	C4-1	0.200034	3.00644e-07	0.00187902	-18.2531	25.205	-0.0218385	-1.162228182776128
605	C4-1	0.399973	9.91753e-07	0.00619846	-49.0639	-16.6834	-0.387192	-6.246583828886529
606	C4-1	0.599968	2.30406e-06	0.0144004	-21.22	0.114856	-0.583577	-4.052505485958724
607	C4-1	0.799978	4.58731e-06	0.0286707	-3.83655	0.300679	-0.280096	-0.976941616353978
608	C4-1	0.999982	8.22023e-06	0.0513764	-4.20375	-3.11905	-0.687453	-1.3380715659329963
609	C4-1	1.19999	1.29792e-05	0.08112	-1.27488	-0.664544	-0.395025	-0.4869637573964497
610	C4-1	1.4	1.97696e-05	0.12356	-0.16048	-0.719593	-0.0883643	-0.07151529621236646
611	C4-1	1.6	2.98736e-05	0.18671	-0.408042	0.234254	-0.38801	-0.2078142574045311
612	C4-1	1.79998	4.21452e-05	0.263408	-0.0749831	-0.467237	-0.113164	-0.0429614894004738
613	C4-1	1.99997	5.7344e-05	0.3584	0.140547	-0.00184915	0.320674	0.08947377232142859
614	C4-1	2.19996	7.43175e-05	0.464484	-0.0852249	-0.0436098	-0.277206	-0.05968041956235306
615	C4-1	2.39992	9.36818e-05	0.585511	-0.0313099	0.00748637	-0.140044	-0.02391825260328158
616	C4-1	2.59989	0.00011953	0.747062	-0.00580706	-0.0480861	-0.035902	-0.004805759093622752
617	C4-1	2.79985	0.0001565	0.978125	0.0106042	-0.02505	0.0924393	0.009450663258785942
618	C4-1	2.99983	0.000190102	1.18814	-0.0311732	0.0613533	-0.353667	-0.029766441665123638
619	C4-1	3.19985	0.000232288	1.4518	-0.00567094	-0.06353	-0.0838574	-0.005776098636175782
620	C4-1	3.39977	0.000291074	1.81921	0.0427528	0.00811298	0.841682	0.046266346381121475
621	C4-1	3.59978	0.000363794	2.27371	0.03805	-0.00806931	0.991325	0.043599447598858254
622	C4-1	3.79979	0.000454214	2.83884	0.0591695	0.0601935	2.03165	0.07156620309703964
623	C4-1	3.99971	0.000568018	3.55011	0.045113	0.0574944	2.03902	0.05743540341003518
624	C4-1	4.19972	0.000696408	4.35255	0.0656517	0.0449914	3.81997	0.08776395446347543
625	C4-1	4.39972	0.000834479	5.21549	0.0638916	0.0571054	4.66675	0.08947864917773786
626	C4-1	4.59966	0.000988842	6.18026	0.0668456	0.0470362	6.04861	0.09786983071909597
627	C4-1	4.80003	0.0011597	7.24812	0.0742162	0.0444877	8.21899	0.1133947837508209
628	C4-1	5.00003	0.00137822	8.61388	0.075615	0.0382855	10.3664	0.12034530316187364
629	C4-1	5.20005	0.00164335	10.2709	0.0717651	0.0374179	12.2006	0.11878803220749885
630	C4-1	5.40003	0.0020052	12.5325	0.0705142	0.0463784	15.1901	0.12120566527029722
631	C4-1	5.60002	0.00255598	15.9749	0.0574103	0.0280356	16.3481	0.10233616485862196
632	C4-1	5.80015	0.00215237	13.4523	0.0948679	0.0693244	23.5616	0.17514923098652274
633	C4-1	6.00008	0.0021986	13.7413	0.110355	0.0850666	28.9619	0.21076535698951337
634	C4-1	6.20009	0.00259755	16.2347	0.105421	0.0869304	33.7768	0.2080531207844925
635	C4-1	6.4001	0.00307277	19.2048	0.0995706	0.0782776	38.9563	0.20284668416229276
636	C4-1	6.60002	0.00371071	23.1919	0.0928028	0.0795034	45.2162	0.1949654836386842
637	C4-1	6.8	0.00420276	26.2672	0.0910321	0.0821504	51.7569	0.19704003472010723
638	C4-1	6.99999	0.00474868	29.6793	0.0897296	0.085136	59.3384	0.19993193909559862
639	C4-1	7.19997	0.00552208	34.513	0.0841538	0.0809642	66.5637	0.19286558688030597
640	C4-1	7.40001	0.00618606	38.6629	0.0828736	0.0840749	75.4732	0.19520832632834062
641	C4-1	7.60002	0.00632103	39.5064	0.092056	0.0962567	87.9802	0.22269860073304576
642	C4-1	7.79999	0.00711065	44.4416	0.0918501	0.098145	101.348	0.22804759504608296
643	C4-1	7.99996	0.00724448	45.278	0.0972058	0.106848	112.077	0.24753080966473787
644	C4-1	8.19988	0.00798673	49.9171	0.0964855	0.111923	125.71	0.2518375466523496
645	C4-1	8.39992	0.00851171	53.1982	0.0979021	0.116088	139.256	0.2617682553169092
646	C4-1	8.59988	0.00922425	57.6516	0.0972833	0.120549	153.529	0.2663048380270452
647	C4-1	8.79988	0.00998351	62.3969	0.0957187	0.122548	167.296	0.268115883962184
648	C4-1	8.99992	0.0106112	66.32	0.0961593	0.12574	182.694	0.2754734620024125
649	C4-1	9.19983	0.0114618	71.6363	0.0943566	0.125778	197.941	0.2763138241366458
650	C4-1	9.39984	0.0123667	77.2919	0.0918718	0.12724	212.465	0.27488650169034534
651	C4-1	9.60012	0.0132627	82.8919	0.0908764	0.128918	230.192	0.2777014400683299
652	C4-1	9.80005	0.0140139	87.5869	0.0908668	0.131884	248.269	0.28345448919872723
653	C4-1	10.0001	0.0150144	93.84	0.0889489	0.131804	265.695	0.283136189258312
654	C4-1	10.2002	0.0159372	99.6075	0.0880122	0.133348	284.639	0.2857606103958035
655	C4-1	10.4002	0.0170189	106.368	0.0858392	0.133988	302.266	0.284170051143201
656	C4-1	10.6002	0.0181131	113.207	0.0846453	0.135634	323.325	0.28560513042479707
657	C4-1	10.8001	0.0190572	119.107	0.0839544	0.137621	343.764	0.2886177974426356
658	C4-1	10.9669	0.0200009	125.006	0.0830142	0.138823	362.256	0.2897908900372782
659	C5-1	-0.999959	-3.18989e-06	-0.0199368	8.33214	5.49538	0.528743	-2.6520956221660446
660	C5-1	-0.799977	-1.6284e-06	-0.0101775	-15.6006	8.9554	-0.404305	3.9725374600835175
661	C5-1	-0.599952	-7.31928e-07	-0.00457455	84.0906	15.3082	0.73462	-16.058847318315465
662	C5-1	-0.399944	-2.70582e-07	-0.00169114	18.1312	76.6216	0.0390351	-2.3082122118807433
663	C5-1	-0.199997	-6.6693e-08	-0.000416831	377.745	205.47	0.100238	-24.047635612514423
664	C5-1	5.93662e-05	1.1915e-08	7.44688e-05	38573000.0	2130.88	0.542808	728.9066024966161
665	C5-1	0.200052	6.3535e-08	0.000397094	742.935	286.384	0.187861	47.30894951825009
666	C5-1	0.399979	1.49456e-07	0.0009341	-74.4659	17.1029	-0.0885602	-9.480805052992185
667	C5-1	0.599975	3.46726e-07	0.00216704	15.2379	60.8525	0.0630629	2.9100939530419376
668	C5-1	0.799984	6.98344e-07	0.00436465	38.5955	29.0933	0.428961	9.828073270479877
669	C5-1	0.999987	1.29229e-06	0.00807681	5.36422	8.07567	0.137908	1.7074562853403759
670	C5-1	1.19999	2.24016e-06	0.014001	2.28599	3.61254	0.122254	0.8731804871080637
671	C5-1	1.39999	3.69887e-06	0.0231179	-0.00739626	8.53111	-0.000761967	-0.003296004394862855
672	C5-1	1.6	5.86318e-06	0.0366449	2.56145	4.66377	0.478046	1.3045362383305725
673	C5-1	1.79998	9.01273e-06	0.0563296	2.16279	2.1304	0.698021	1.2391726552292224
674	C5-1	1.99996	1.33615e-05	0.0835094	0.443124	1.653	0.235576	0.2820951892840806
675	C5-1	2.20003	1.93802e-05	0.121126	0.619014	1.11984	0.52507	0.4334907451744465
676	C5-1	2.39996	2.76018e-05	0.172511	0.0951965	1.34908	0.125456	0.07272347850282011
677	C5-1	2.59992	3.85772e-05	0.241108	0.213435	0.400673	0.425879	0.1766341224679397
678	C5-1	2.79987	5.31982e-05	0.332489	0.103852	0.413642	0.307738	0.09255584395273228
679	C5-1	2.99984	7.25108e-05	0.453192	0.132066	0.654614	0.571506	0.12610681565429221
680	C5-1	3.19987	9.79722e-05	0.612326	0.209316	0.101847	1.30547	0.21319852496872577
681	C5-1	3.39983	0.000132207	0.826294	0.0987728	0.216128	0.883241	0.10689185689355121
682	C5-1	3.59989	0.000178242	1.11401	0.1031	0.183836	1.3161	0.11814077072916762
683	C5-1	3.79987	0.000237604	1.48503	0.0953203	0.0851449	1.71214	0.11529329373817362
684	C5-1	3.99981	0.000312802	1.95501	0.106852	0.132475	2.65963	0.1360417593771899
685	C5-1	4.19976	0.000402018	2.51261	0.0971016	0.077996	3.26157	0.1298080482048547
686	C5-1	4.39974	0.000498472	3.11545	0.0936868	0.0958125	4.08767	0.131206406779117
687	C5-1	4.59974	0.000613186	3.83241	0.120467	0.122627	6.75963	0.1763806586456042
688	C5-1	4.80004	0.000750069	4.68793	0.116592	0.0759098	8.35116	0.17814173846452488
689	C5-1	5.00004	0.000903917	5.64948	0.104964	0.0775245	9.43788	0.16705749909726206
690	C5-1	5.20002	0.00109182	6.82388	0.106112	0.0761482	11.9853	0.17563761379156725
691	C5-1	5.40004	0.00133924	8.37025	0.101908	0.0755971	14.662	0.17516800573459573
692	C5-1	5.59999	0.00169537	10.5961	0.0876768	0.0573465	16.5602	0.15628580326723981
693	C5-1	5.8001	0.00299832	18.7395	0.0552574	0.0467504	19.1176	0.1020176632247392
694	C5-1	6.00008	0.00391397	24.4623	0.0500861	0.0421118	23.4003	0.09565862572202942
695	C5-1	6.2001	0.00346131	21.6332	0.0703392	0.0581205	30.0308	0.13881811290054175
696	C5-1	6.40013	0.00258422	16.1514	0.109389	0.0914028	35.9933	0.2228494124348354
697	C5-1	6.60002	0.00315593	19.7246	0.101745	0.0863543	42.1616	0.21375135617452318
698	C5-1	6.80005	0.00283495	17.7184	0.130502	0.124139	50.0501	0.2824752799349829
699	C5-1	6.99997	0.00355304	22.2065	0.114959	0.111077	56.8815	0.25614797469209466
700	C5-1	7.19995	0.00379612	23.7258	0.121798	0.119219	66.2279	0.27913874347756457
701	C5-1	7.39998	0.0040787	25.4919	0.125657	0.128909	75.4518	0.29598343003071564
702	C5-1	7.59994	0.00436577	27.2861	0.130071	0.138372	85.8579	0.31465801268777877
703	C5-1	7.79999	0.00481317	30.0823	0.129593	0.143035	96.7917	0.32175631517536896
704	C5-1	7.99994	0.00520965	32.5603	0.132094	0.15063	109.524	0.33637282211773234
705	C5-1	8.19986	0.00561948	35.1217	0.13274	0.15484	121.685	0.346466714310526
706	C5-1	8.39993	0.00621839	38.8649	0.129303	0.157111	134.367	0.3457284078950415
707	C5-1	8.59986	0.0068435	42.7719	0.125144	0.156342	146.525	0.34257304445208187
708	C5-1	8.79987	0.0074978	46.8612	0.121832	0.156521	159.92	0.3412631345334733
709	C5-1	8.99989	0.00821706	51.3566	0.118075	0.154558	173.717	0.3382564266326042
710	C5-1	9.19982	0.00889105	55.5691	0.115111	0.153757	187.318	0.3370902174049967
711	C5-1	9.39983	0.00969252	60.5782	0.111484	0.155326	202.069	0.333567190837628
712	C5-1	9.60017	0.0104464	65.29	0.110007	0.154783	219.48	0.33616173992954507
713	C5-1	9.80014	0.0113212	70.7575	0.106128	0.152521	234.254	0.3310659647387203
714	C5-1	10.0001	0.0122048	76.28	0.103012	0.153489	250.123	0.3279011536444677
715	C5-1	10.2001	0.0131298	82.0613	0.100287	0.152978	267.202	0.32561268222657935
716	C5-1	10.4002	0.0140582	87.8637	0.0983546	0.153754	286.086	0.3256020404330799
717	C5-1	10.6001	0.0150203	93.8769	0.0966511	0.15363	306.144	0.3261121745605149
718	C5-1	10.8	0.0160002	100.001	0.0945758	0.15531	325.132	0.32512874871251285
719	C5-1	11.0001	0.0170061	106.288	0.0928447	0.154372	345.532	0.3250903206382658
720	C5-1	11.2001	0.0180692	112.933	0.0912664	0.155393	367.453	0.3253725660347285
721	C5-1	11.4001	0.0190723	119.202	0.0904548	0.156852	391.267	0.3282386201573799
722	C5-1	11.5663	0.0200006	125.004	0.0889369	0.157099	409.308	0.3274359220504944
723	D1-1	-0.999962	-3.47949e-05	-0.217468	0.282197	0.23199	0.195336	-0.08982287049129067
724	D1-1	-0.799978	-2.6276e-05	-0.164225	0.935267	-0.157699	0.391114	-0.23815740599786878
725	D1-1	-0.599962	-1.52366e-05	-0.0952288	3.15942	-0.192551	0.574579	-0.6033668386034476
726	D1-1	-0.399955	-7.23501e-06	-0.0452188	-1.60083	0.937517	-0.0921562	0.20380063159570794
727	D1-1	-0.200008	-2.02885e-06	-0.0126803	-27.3579	1.25873	-0.220857	1.741733239749848
728	D1-1	3.85523e-05	9.3056e-10	5.816e-06	-1012690000.0	4431.47	-0.722771	-12427.286795048143
729	D1-1	0.200032	1.37883e-06	0.00861769	34.6061	-1.8535	0.189886	2.203444310482275
730	D1-1	0.399973	2.75757e-06	0.0172348	-18.1706	-3.49812	-0.398709	-2.313394991528767
731	D1-1	0.599973	3.21792e-06	0.020112	-16.175	1.39026	-0.62127	-3.0890513126491643
732	D1-1	0.799978	3.51351e-06	0.0219594	-3.90386	2.58324	-0.218295	-0.9940845378289023
733	D1-1	0.999979	3.62056e-06	0.0226285	-5.97306	-1.7744	-0.430223	-1.9012440064520408
734	D1-1	1.19998	4.80365e-06	0.0300228	-5.13699	-1.53507	-0.589093	-1.9621520977390516
735	D1-1	1.39999	7.96467e-06	0.0497792	-1.50065	0.749433	-0.332891	-0.6687351343533041
736	D1-1	1.60001	1.15862e-05	0.0724137	-0.794314	-0.327186	-0.292945	-0.40454361536560074
737	D1-1	1.79997	1.2527e-05	0.0782937	-1.51565	-1.27089	-0.679895	-0.8683904324358155
738	D1-1	1.99997	1.8243e-05	0.114019	-0.52754	1.35965	-0.382918	-0.33583700962120344
739	D1-1	2.19996	2.02678e-05	0.126674	-0.24041	-0.205197	-0.213258	-0.16835183226234268
740	D1-1	2.39992	2.3897e-05	0.149356	-0.243633	-0.351995	-0.277976	-0.1861163930474839
741	D1-1	2.59989	2.77728e-05	0.17358	-0.102848	-0.355796	-0.14774	-0.08511349233782693
742	D1-1	2.79992	3.43298e-05	0.214561	-0.0712984	-0.447111	-0.136341	-0.06354416692688793
743	D1-1	2.99986	4.51277e-05	0.282048	-0.102744	-0.293431	-0.276714	-0.09810883253914228
744	D1-1	3.19988	5.86845e-05	0.366778	0.00412259	0.0468721	0.0154013	0.0041990795522086925
745	D1-1	3.3998	7.6769e-05	0.479806	0.0740951	0.0415869	0.384732	0.08018490806701042
746	D1-1	3.59982	0.000101596	0.634975	0.100373	0.160937	0.730303	0.11501287452261902
747	D1-1	3.79985	0.000137563	0.859769	0.179066	0.115734	1.86213	0.21658491990290413
748	D1-1	3.99979	0.000190405	1.19003	0.23109	0.0578451	3.50129	0.2942186331437023
749	D1-1	4.19973	0.000253547	1.58467	0.205289	0.0770243	4.34887	0.274433793786719
750	D1-1	4.39973	0.000322537	2.01586	0.209888	0.121153	5.92547	0.2939425356919627
751	D1-1	4.59964	0.000406025	2.53766	0.221945	0.0765538	8.24616	0.3249513331179118
752	D1-1	4.79994	0.00051625	3.22656	0.202693	0.122894	9.99227	0.30968802687692154
753	D1-1	4.99996	0.000646349	4.03968	0.208209	0.133486	13.3864	0.33137278200253484
754	D1-1	5.1999	0.000808617	5.05386	0.196125	0.132125	16.4059	0.324621180642123
755	D1-1	5.39992	0.00101893	6.36831	0.190012	0.133725	20.799	0.3266015630520499
756	D1-1	5.59992	0.0012306	7.69125	0.185624	0.138662	25.4486	0.3308772956281488
757	D1-1	5.79998	0.00149445	9.34031	0.173676	0.133039	29.9487	0.32063925073150673
758	D1-1	5.99994	0.00179672	11.2295	0.167327	0.138138	35.8859	0.31956810187452694
759	D1-1	6.19998	0.00213463	13.3414	0.165597	0.13202	43.6008	0.32680828099000103
760	D1-1	6.40003	0.00252741	15.7963	0.15554	0.130332	50.0529	0.31686470882421836
761	D1-1	6.59997	0.00297428	18.5892	0.149005	0.13359	58.1908	0.3130355260043466
762	D1-1	6.79997	0.00344578	21.5361	0.143902	0.135368	67.0797	0.3114756153621129
763	D1-1	6.99989	0.003938	24.6125	0.140435	0.133446	77.0145	0.3129080751650584
764	D1-1	7.1999	0.00448698	28.0436	0.135675	0.136513	87.1986	0.3109393943716213
765	D1-1	7.39992	0.00512601	32.0376	0.129475	0.132805	97.7061	0.30497321896771296
766	D1-1	7.5999	0.0059267	37.0419	0.122501	0.136196	109.772	0.2963454898371844
767	D1-1	7.79989	0.00635761	39.7351	0.123541	0.139991	121.878	0.30672629488789505
768	D1-1	7.99985	0.00715173	44.6983	0.11756	0.134941	133.808	0.29935814113735865
769	D1-1	8.19978	0.00798341	49.8963	0.112625	0.13417	146.674	0.2939576682038548
770	D1-1	8.39987	0.00884158	55.2599	0.108626	0.133602	160.497	0.2904402650022892
771	D1-1	8.59979	0.00982968	61.4355	0.104151	0.131225	175.154	0.28510226172164305
772	D1-1	8.79981	0.0108417	67.7606	0.100646	0.132734	191.029	0.28191751548835164
773	D1-1	8.99983	0.0118182	73.8637	0.096959	0.132569	205.165	0.2777616068515387
774	D1-1	9.19979	0.012988	81.175	0.0924867	0.128422	219.852	0.270837080381891
775	D1-1	9.3998	0.0142501	89.0631	0.0888167	0.127692	236.68	0.26574417463573574
776	D1-1	9.60012	0.0154495	96.5594	0.0860246	0.12633	253.831	0.26287549425534956
777	D1-1	9.80011	0.0168336	105.21	0.082363	0.123679	270.315	0.256928999144568
778	D1-1	10.0001	0.0182948	114.342	0.0789752	0.121977	287.444	0.25138969057739063
779	D1-1	10.2001	0.0198381	123.988	0.076024	0.120436	306.045	0.24683437106816788
780	D2-1	-0.99996	-1.04655e-06	-0.00654094	17.187	-7.63062	0.357827	-5.4705745657352
781	D2-1	-0.799968	-5.95818e-07	-0.00372386	30.9034	3.08267	0.293037	-7.869173384606296
782	D2-1	-0.599954	-3.00389e-07	-0.00187743	95.5938	13.7785	0.342738	-18.25570061200684
783	D2-1	-0.399949	-1.23648e-07	-0.0007728	365.2	21.5871	0.359296	-46.492753623188406
784	D2-1	-0.2	-3.45506e-08	-0.000215941	-3897.44	-268.353	-0.535791	248.119162178558
785	D2-1	6.44207e-05	2.52064e-08	0.00015754	17726100.0	-146.414	0.572638	363.48736828741903
786	D2-1	0.200054	5.14201e-08	0.000321376	449.956	-140.861	0.0920832	28.652792990142387
787	D2-1	0.399972	7.86601e-08	0.000491626	506.051	133.181	0.316744	64.42783742112907
788	D2-1	0.599962	1.75123e-07	0.00109452	-76.5124	76.409	-0.15993	-14.61188466176954
789	D2-1	0.799976	3.32549e-07	0.00207843	-43.5702	34.4857	-0.230596	-11.094720534249408
790	D2-1	0.999983	5.73857e-07	0.00358661	4.31102	7.60819	0.049216	1.3722149885267705
791	D2-1	1.19999	9.28898e-07	0.00580561	15.0769	10.0983	0.334341	5.7589297248695654
792	D2-1	1.39999	1.42223e-06	0.00888894	6.72721	-12.8803	0.266477	2.997849012368179
793	D2-1	1.59999	2.11228e-06	0.0132017	2.01678	-4.31605	0.1356	1.0271404440337228
794	D2-1	1.79998	3.09033e-06	0.0193146	-0.780751	-12.1132	-0.0864003	-0.4473315522972259
795	D2-1	1.99997	4.26482e-06	0.0266551	1.4737	-0.208062	0.250071	0.9381731826179605
796	D2-1	2.19996	5.80075e-06	0.0362547	0.6651	-0.789824	0.168856	0.46574926837072156
797	D2-1	2.39992	7.78981e-06	0.0486863	0.243113	0.509361	0.0904194	0.18571836430371583
798	D2-1	2.5998	1.04583e-05	0.0653644	0.788517	0.609028	0.426523	0.6525310413619645
799	D2-1	2.79987	1.41567e-05	0.0884794	-0.436586	-0.577042	-0.344271	-0.3890973492134892
800	D2-1	2.99985	1.9512e-05	0.12195	-0.152389	0.523725	-0.177454	-0.14551373513735139
801	D2-1	3.19993	2.71105e-05	0.169441	0.123245	0.801456	0.212706	0.12553396167397501
802	D2-1	3.39986	3.79326e-05	0.237079	0.158193	0.342765	0.405874	0.17119778639187783
803	D2-1	3.59981	5.50427e-05	0.344017	0.252629	-0.00900319	0.995849	0.28947668283834804
804	D2-1	3.79982	7.53552e-05	0.47097	0.203789	0.20897	1.16088	0.24648703739091662
805	D2-1	3.99978	0.000102385	0.639906	0.252004	0.410828	2.0531	0.3208439989623476
806	D2-1	4.19975	0.000138744	0.86715	0.227464	0.185285	2.63682	0.3040788790866632
807	D2-1	4.39971	0.000183179	1.14487	0.193973	0.102046	3.11007	0.2716526767231214
808	D2-1	4.59967	0.000240294	1.50184	0.185015	0.184633	4.06825	0.2708843818249614
809	D2-1	4.80001	0.0003073	1.92062	0.190735	0.139496	5.59712	0.2914225614645271
810	D2-1	5.00001	0.000388908	2.43067	0.164343	0.146884	6.35769	0.26156121563190393
811	D2-1	5.20002	0.000489016	3.05635	0.149442	0.11078	7.56017	0.24735943200222485
812	D2-1	5.40002	0.000611169	3.81981	0.154761	0.114481	10.1612	0.26601323102457974
813	D2-1	5.5999	0.000758325	4.73953	0.138719	0.114899	11.7193	0.2472671340829154
814	D2-1	5.79998	0.000923051	5.76907	0.12838	0.123715	13.6735	0.23701393812174235
815	D2-1	5.99992	0.0011107	6.94188	0.125828	0.0795509	16.6821	0.24031098203944748
816	D2-1	6.20003	0.00132833	8.30206	0.11688	0.0904284	19.15	0.2306656420213778
817	D2-1	6.40002	0.00156893	9.80581	0.114793	0.0948546	22.9314	0.23385523480467194
818	D2-1	6.59995	0.00184144	11.509	0.107305	0.103877	25.9447	0.22542966374141976
819	D2-1	6.79995	0.00214419	13.4012	0.105498	0.103439	30.6014	0.22834820762319796
820	D2-1	6.99991	0.00248552	15.5345	0.0993661	0.103308	34.3936	0.22140139689079147
821	D2-1	7.19991	0.00283655	17.7284	0.0956747	0.0967082	38.8727	0.21926795424290968
822	D2-1	7.39991	0.00322672	20.167	0.0907767	0.102528	43.1214	0.21382158972578966
823	D2-1	7.59997	0.00365622	22.8514	0.0870678	0.0968456	48.1318	0.2106295456733504
824	D2-1	7.79995	0.00411568	25.723	0.0838434	0.088377	53.5466	0.20816623255452318
825	D2-1	7.99996	0.00461627	28.8517	0.0792754	0.089602	58.2435	0.20187198674601495
826	D2-1	8.19989	0.00514755	32.1722	0.0752177	0.0880432	63.1625	0.19632633142899775
827	D2-1	8.39994	0.00571667	35.7292	0.0729774	0.0903177	69.7169	0.19512583545111561
828	D2-1	8.59988	0.00633221	39.5763	0.0693245	0.0869757	75.1042	0.18977064556312742
829	D2-1	8.7999	0.00699005	43.6878	0.0664117	0.0884328	81.2705	0.18602561813595556
830	D2-1	8.9999	0.00770308	48.1442	0.0637797	0.0835961	87.9659	0.18271339019030333
831	D2-1	9.19981	0.00844334	52.7709	0.0607041	0.084596	93.8083	0.17776520771864798
832	D2-1	9.39982	0.00926256	57.891	0.0583523	0.0794441	101.074	0.17459363286175744
833	D2-1	9.60013	0.0101787	63.6169	0.0557531	0.0788097	108.385	0.17037139502239185
834	D2-1	9.80006	0.0113484	70.9275	0.0537494	0.0767794	118.923	0.16766839378238343
835	D2-1	10.0001	0.0127683	79.8019	0.0497776	0.0738605	126.445	0.15844860836646746
836	D2-1	10.2001	0.0139506	87.1912	0.0477046	0.0716729	135.048	0.15488719045041244
837	D2-1	10.4001	0.0151674	94.7962	0.0456095	0.0718501	143.131	0.1509881197769531
838	D2-1	10.6001	0.0164432	102.77	0.0440721	0.0697563	152.823	0.14870390191690183
839	D2-1	10.8001	0.0180572	112.857	0.0423681	0.0682346	164.379	0.1456524628512188
840	D2-1	11.0001	0.0195776	122.36	0.0408375	0.0672975	174.963	0.1429903563255966
841	D2-1	11.0042	0.0200009	125.006	0.0400292	0.0663468	175.273	0.14021166983984767
842	D4-1	-0.999957	-1.22779e-05	-0.0767369	1.19185	-0.103872	0.291109	-0.3793598646804862
843	D4-1	-0.799983	-7.16926e-06	-0.0448079	-3.56911	-1.02715	-0.407235	0.9088464310980877
844	D4-1	-0.599959	-3.58872e-06	-0.0224295	5.65004	4.12822	0.242015	-1.0790030985978287
845	D4-1	-0.399948	-1.58859e-06	-0.00992869	0.912931	-4.95162	0.0115394	-0.11622278467753551
846	D4-1	-0.200003	-4.63243e-07	-0.00289527	-45.3358	16.0826	-0.0835636	2.886210957872668
847	D4-1	4.87566e-05	3.32928e-10	2.0808e-06	842092000.0	102252.0	0.27194	13069.011918492888
848	D4-1	0.200035	2.6553e-07	0.00165956	16.0846	142.449	0.0169965	1.0241570054713298
849	D4-1	0.399974	9.30708e-07	0.00581693	22.2044	8.02007	0.164443	2.8269723032596237
850	D4-1	0.599973	2.44773e-06	0.0152983	33.3905	10.7137	0.975546	6.376826183301413
851	D4-1	0.799987	5.00533e-06	0.0312833	3.43126	4.94818	0.273338	0.8737505314337044
852	D4-1	0.999984	9.20481e-06	0.0575301	1.77338	1.56876	0.324743	0.5644749444203991
853	D4-1	1.19999	1.42155e-05	0.0888469	-1.21185	-0.493917	-0.411262	-0.46288840691121463
854	D4-1	1.4	2.29922e-05	0.143701	0.464118	0.590989	0.297213	0.20682737072115018
855	D4-1	1.59999	2.97305e-05	0.185816	0.140973	0.578461	0.133409	0.07179629310715976
856	D4-1	1.79997	3.6674e-05	0.229212	0.127118	0.481176	0.16694	0.07283213793344154
857	D4-1	1.99996	4.43137e-05	0.276961	-0.225561	0.239295	-0.397698	-0.14359350233426366
858	D4-1	2.19994	5.33975e-05	0.333734	0.00784402	0.0835911	0.0183316	0.005492877561171472
859	D4-1	2.39991	6.16911e-05	0.385569	0.134953	0.559555	0.397493	0.10309257227629813
860	D4-1	2.5999	6.74308e-05	0.421442	0.0855683	-0.134481	0.298441	0.0708142520204441
861	D4-1	2.7998	7.52965e-05	0.470603	-0.145944	-0.0943217	-0.612093	-0.130065681689237
862	D4-1	2.99975	8.36218e-05	0.522636	-0.119954	0.0391268	-0.59862	-0.11453860813262004
863	D4-1	3.19976	9.95777e-05	0.622361	-0.0113036	0.159065	-0.0716517	-0.011512884001407542
864	D4-1	3.39982	0.000116058	0.725363	0.0936174	0.0458769	0.734882	0.10131230845797208
865	D4-1	3.59985	0.000144517	0.903231	0.118999	0.0525554	1.23162	0.13635714451784758
866	D4-1	3.79984	0.000180301	1.12688	0.116417	0.00303108	1.58675	0.14080913673150647
867	D4-1	3.9998	0.000223092	1.39433	0.101628	-0.0232074	1.80412	0.12938974274382678
868	D4-1	4.1998	0.000283663	1.77289	0.145655	0.0286266	3.45212	0.1947171003277135
869	D4-1	4.39977	0.000344833	2.15521	0.156299	0.0550464	4.71764	0.2188946784768074
870	D4-1	4.59973	0.000394551	2.46594	0.180374	0.0415943	6.51239	0.2640936113611848
871	D4-1	4.80007	0.00046397	2.89981	0.192811	0.0858781	8.54278	0.2945979219328163
872	D4-1	5.0	0.000549456	3.4341	0.193254	0.145451	10.5624	0.3075740368655543
873	D4-1	5.20004	0.000657897	4.11186	0.191059	0.118445	13.0035	0.3162437437072274
874	D4-1	5.40001	0.000788886	4.93054	0.188767	0.129454	15.998	0.32446750254536016
875	D4-1	5.59998	0.000950129	5.93831	0.184394	0.137068	19.5184	0.32868610766362816
876	D4-1	5.80002	0.00118004	7.37525	0.17346	0.12498	23.6187	0.32024270363716484
877	D4-1	5.99999	0.00141972	8.87325	0.168359	0.144325	28.5311	0.3215405854675569
878	D4-1	6.20009	0.00173847	10.8654	0.150511	0.124947	32.2749	0.2970429068419019
879	D4-1	6.40008	0.00242647	15.1654	0.125099	0.106016	38.6494	0.25485249317525416
880	D4-1	6.60003	0.00257806	16.1129	0.133923	0.112613	45.3339	0.2813515878581757
881	D4-1	6.80001	0.00276891	17.3057	0.141873	0.119508	53.1432	0.3070849488896722
882	D4-1	7.0	0.0030297	18.9356	0.146763	0.141255	61.922	0.3270136673778491
883	D4-1	7.19999	0.00332532	20.7832	0.151473	0.151647	72.1492	0.3471515454790407
884	D4-1	7.40006	0.00355891	22.2432	0.156252	0.154547	81.8669	0.36805360739461945
885	D4-1	7.60003	0.00393572	24.5983	0.158085	0.164013	94.0723	0.3824341519535903
886	D4-1	7.80003	0.00422936	26.4335	0.16128	0.170895	105.847	0.40042748784686094
887	D4-1	7.99998	0.00467137	29.1961	0.160476	0.175672	119.309	0.4086470453245467
888	D4-1	8.19987	0.00519573	32.4733	0.156164	0.175372	132.363	0.40760563293536534
889	D4-1	8.3999	0.00573379	35.8362	0.153361	0.179838	146.947	0.41005184701502956
890	D4-1	8.59987	0.00630316	39.3948	0.149321	0.180006	161.028	0.40875445490267753
891	D4-1	8.79989	0.00695752	43.4845	0.145408	0.182049	177.113	0.40730145224160336
892	D4-1	8.99993	0.00766982	47.9364	0.140296	0.180871	192.664	0.40191587186355254
893	D4-1	9.19984	0.00846671	52.9169	0.135773	0.177072	210.397	0.39759887672936245
894	D4-1	9.3999	0.00932869	58.3043	0.13009	0.173486	226.944	0.38924058774395714
895	D4-1	9.60018	0.0102093	63.8081	0.126441	0.173408	246.544	0.3863835469164573
896	D4-1	9.80016	0.0111531	69.7069	0.121974	0.174049	265.233	0.3804974830325262
897	D4-1	10.0002	0.0121831	76.1444	0.117426	0.171996	284.618	0.37378717279274637
898	D4-1	10.2002	0.0133227	83.2669	0.112303	0.168754	303.614	0.36462748102787534
899	D4-1	10.4002	0.0144859	90.5369	0.109044	0.166103	326.829	0.3609898284566845
900	D4-1	10.6002	0.015722	98.2625	0.105372	0.16571	349.365	0.3555425518381885
901	D4-1	10.8001	0.016934	105.838	0.103064	0.164828	374.994	0.3543094162777075
902	D4-1	11.0002	0.0182597	114.123	0.0994061	0.163341	397.226	0.34806831225957957
903	D4-1	11.2001	0.0197198	123.249	0.096691	0.161429	424.855	0.3447127360059717
904	D5-1	-0.999964	-3.66418e-06	-0.0229011	2.79297	-6.96792	0.203591	-0.8890009650191475
905	D5-1	-0.799983	-2.31091e-06	-0.0144432	-4.64416	-6.96753	-0.170805	1.1825980392156863
906	D5-1	-0.59996	-1.46725e-06	-0.00917031	-29.0301	-6.80218	-0.5084	5.543978338791164
907	D5-1	-0.399945	-7.89507e-07	-0.00493442	27.7543	-50.7218	0.174348	-3.5333027995184842
908	D5-1	-0.200005	-3.17935e-07	-0.00198709	298.24	-0.707483	0.37729	-18.987061481865442
909	D5-1	4.90665e-05	-3.13699e-10	-1.96062e-06	-965508000.0	-107113.0	-0.295654	15079.61767196091
910	D5-1	0.20004	2.6482e-07	0.00165513	131.422	-39.8434	0.138505	8.368224852428508
911	D5-1	0.399981	6.47758e-07	0.00404849	94.8569	-37.91	0.488935	12.076971908044728
912	D5-1	0.599972	1.25418e-06	0.00783863	0.201238	-11.1787	0.00301253	0.03843184331955967
913	D5-1	0.799993	2.13145e-06	0.0133216	5.03489	-7.10102	0.170798	1.2821132596685083
914	D5-1	0.999989	3.15857e-06	0.0197411	-4.6057	-4.04207	-0.289409	-1.4660226633774207
915	D5-1	1.2	4.46001e-06	0.0278751	0.534835	-3.34762	0.0569465	0.20429164379679357
916	D5-1	1.4	6.12186e-06	0.0382616	-1.51052	1.09468	-0.257553	-0.6731370355656846
917	D5-1	1.6	8.58369e-06	0.0536481	0.128095	-0.950338	0.034999	0.06523809790095084
918	D5-1	1.79998	1.2157e-05	0.0759813	-0.0596849	-0.95762	-0.0259829	-0.034196440439950355
919	D5-1	1.99997	3.64764e-05	0.227977	-0.0303953	-0.645534	-0.0441136	-0.019350022151357373
920	D5-1	2.20003	4.31122e-05	0.269451	-0.00981372	-0.456972	-0.0185179	-0.006872455474279182
921	D5-1	2.39995	5.12764e-05	0.320477	0.102113	-0.396351	0.249995	0.07800715807998701
922	D5-1	2.59997	5.90988e-05	0.369368	-0.0511544	-0.239805	-0.156372	-0.04233501548591108
923	D5-1	2.79993	7.16746e-05	0.447966	-0.0385744	-0.176764	-0.154007	-0.03437917163356148
924	D5-1	2.99984	7.914e-05	0.494625	0.0250615	-0.0202974	0.118367	0.023930654536264848
925	D5-1	3.19987	9.1785e-05	0.573656	0.0274841	-0.282354	0.160589	0.027993954565105218
926	D5-1	3.39984	0.00011008	0.688	0.122434	0.0572233	0.911588	0.1324982558139535
927	D5-1	3.59985	0.000128558	0.803488	0.0944498	0.0128701	0.86959	0.10822688079971325
928	D5-1	3.79982	0.000153943	0.962144	0.144462	-0.171279	1.68115	0.1747295623108391
929	D5-1	3.99975	0.000179072	1.1192	0.165765	0.0189736	2.36202	0.21104538956397426
930	D5-1	4.19976	0.000223364	1.39603	0.187021	0.0334927	3.49027	0.25001396818119953
931	D5-1	4.39973	0.000268068	1.67542	0.182415	0.0300873	4.28017	0.25546847954542745
932	D5-1	4.59969	0.000314114	1.96321	0.194284	0.0421459	5.58448	0.28445657876640806
933	D5-1	4.80003	0.00038158	2.38488	0.20043	0.0745026	7.30336	0.30623595317164803
934	D5-1	5.00001	0.000446373	2.78983	0.19801	0.049448	8.79197	0.31514357505654467
935	D5-1	5.20005	0.000526278	3.28924	0.196206	0.139046	10.6823	0.32476499130498226
936	D5-1	5.40001	0.000611467	3.82167	0.206321	0.104929	13.5532	0.35464077222784807
937	D5-1	5.6	0.000722523	4.51577	0.203171	0.123769	16.3543	0.36215972026918997
938	D5-1	5.80003	0.000827416	5.17135	0.207231	0.128921	19.7851	0.3825906194707378
939	D5-1	5.99996	0.000969536	6.0596	0.205733	0.145259	23.8092	0.39291702422602154
940	D5-1	6.2	0.00113553	7.09706	0.196612	0.153395	27.5378	0.3880170098604211
941	D5-1	6.40006	0.00130681	8.16756	0.195117	0.149492	32.4655	0.39749325379917627
942	D5-1	6.60001	0.00151066	9.44163	0.188734	0.153445	37.4363	0.39650251068936193
943	D5-1	6.80002	0.00173689	10.8556	0.182583	0.135933	42.9016	0.3952024761413464
944	D5-1	7.0	0.00197342	12.3339	0.17612	0.151375	48.4014	0.3924257534113298
945	D5-1	7.19996	0.00222792	13.9245	0.169734	0.153315	54.1661	0.38899852777478544
946	D5-1	7.39999	0.00251782	15.7364	0.167018	0.152296	61.9085	0.3934095472916296
947	D5-1	7.59992	0.00283824	17.739	0.164225	0.15963	70.4737	0.3972811319691075
948	D5-1	7.79995	0.00317482	19.8426	0.161331	0.161526	79.4802	0.4005533549030873
949	D5-1	7.99999	0.00348967	21.8104	0.160841	0.164856	89.3309	0.4095793749770752
950	D5-1	8.19991	0.00380919	23.8074	0.16023	0.174149	99.5674	0.418220385258365
951	D5-1	8.39996	0.00413523	25.8452	0.157513	0.178428	108.848	0.42115363781282406
952	D5-1	8.59995	0.00457636	28.6023	0.155522	0.17524	121.769	0.42573149711736474
953	D5-1	8.79994	0.00502059	31.3787	0.152432	0.181316	133.98	0.4269775357169035
954	D5-1	9.00001	0.0056188	35.1175	0.148501	0.180596	149.398	0.4254232220402933
955	D5-1	9.19993	0.00605013	37.8133	0.147901	0.18694	163.776	0.43311744809366026
956	D5-1	9.39993	0.00639222	39.9514	0.135886	0.172926	162.436	0.4065839995594648
957	D5-1	9.60022	0.00535743	33.4839	0.153779	0.20133	157.35	0.4699273382132906
958	D5-1	9.80023	0.00583954	36.4971	0.147309	0.199456	167.716	0.45953240120447925
959	D5-1	10.0003	0.00703868	43.9918	0.138692	0.194076	194.216	0.4414822762423906
960	D5-1	10.2003	0.00806482	50.4051	0.128367	0.182085	210.083	0.41678917411134986
961	D5-1	10.4003	0.00857553	53.5971	0.123539	0.181093	219.2	0.4089773513865489
962	D5-1	10.6002	0.00841962	52.6226	0.116179	0.171353	206.284	0.3920064763048576
963	D5-1	10.8001	0.00843898	52.7436	0.121668	0.181313	220.609	0.41826686081344466
964	D5-1	11.0002	0.00916958	57.3099	0.119607	0.184726	240.013	0.41879849729278884
965	D5-1	11.2002	0.010574	66.0875	0.112401	0.179092	264.829	0.40072479667107996
966	D5-1	11.4003	0.0115308	72.0675	0.116519	0.18946	304.72	0.4228258230131474
967	D5-1	11.6002	0.012599	78.7438	0.108059	0.179172	314.19	0.39900284212852316
968	D5-1	11.8002	0.0134103	83.8144	0.104942	0.180476	330.376	0.3941757025045815
969	D5-1	12.0001	0.0143428	89.6425	0.099722	0.174851	341.46	0.3809130713668182
